date,sku,demand,revenue,units
2025-08-25 14:54:13,SKU-032,28.15,11688.84,27
2026-02-13 14:54:13,SKU-320,1.95,165.68,2
2026-02-25 14:54:13,SKU-114,12.59,5195.32,13
2026-05-15 14:54:13,SKU-215,25.04,5257.2,26
2025-09-04 14:54:13,SKU-074,35.97,1895.51,37
2026-01-23 14:54:13,SKU-117,37.56,8625.99,41
2025-12-08 14:54:13,SKU-424,30.29,9709.92,33
2026-06-19 14:54:13,SKU-229,1.96,358.18,2
2025-12-25 14:54:13,SKU-318,4.34,65.68,4
2026-06-12 14:54:13,SKU-117,48.78,10098.72,48
2026-03-01 14:54:13,SKU-442,21.2,9181.2,21
2026-01-09 14:54:13,SKU-183,10.07,3175.0,10
2025-09-21 14:54:13,SKU-274,46.09,5301.6,48
2025-10-31 14:54:13,SKU-045,16.57,1724.14,17
2026-01-14 14:54:13,SKU-433,27.92,1466.3,31
2025-09-26 14:54:13,SKU-404,39.17,15971.06,43
2025-10-28 14:54:13,SKU-205,26.81,12892.23,27
2026-04-14 14:54:13,SKU-485,17.43,6524.98,19
2026-03-15 14:54:13,SKU-026,25.18,3776.24,26
2026-07-14 14:54:13,SKU-092,31.93,13695.04,32
2026-06-04 14:54:13,SKU-450,19.26,1385.86,19
2025-10-25 14:54:13,SKU-417,47.16,4966.15,49
2026-08-08 14:54:13,SKU-131,52.42,16911.86,49
2026-02-26 14:54:13,SKU-355,39.18,10529.64,36
2025-09-25 14:54:13,SKU-263,46.41,12402.52,46
2026-02-15 14:54:13,SKU-408,0.91,63.64,1
2025-12-06 14:54:13,SKU-266,15.64,4816.0,16
2026-01-14 14:54:13,SKU-200,37.88,651.3,39
2026-01-05 14:54:13,SKU-400,16.52,7983.84,16
2026-06-05 14:54:13,SKU-334,24.46,7840.82,26
2026-01-18 14:54:13,SKU-199,23.54,6231.16,26
2025-10-12 14:54:13,SKU-212,3.28,969.87,3
2025-08-12 14:54:13,SKU-253,14.86,1767.36,14
2025-12-28 14:54:13,SKU-049,26.13,348.66,26
2025-10-27 14:54:13,SKU-269,24.87,3234.48,24
2026-05-19 14:54:13,SKU-236,19.77,1079.61,21
2025-10-15 14:54:13,SKU-484,46.01,3498.18,42
2026-03-03 14:54:13,SKU-079,22.48,2903.75,23
2025-12-18 14:54:13,SKU-304,21.43,7758.2,20
2026-02-09 14:54:13,SKU-046,12.48,837.84,12
2025-10-27 14:54:13,SKU-100,15.39,6505.44,16
2026-04-05 14:54:13,SKU-044,6.0,2622.12,6
2026-05-15 14:54:13,SKU-356,17.38,3754.26,18
2026-04-13 14:54:13,SKU-123,28.95,5325.6,30
2025-10-20 14:54:13,SKU-488,34.27,1965.44,32
2025-11-02 14:54:13,SKU-262,28.9,2909.52,27
2026-06-10 14:54:13,SKU-357,7.49,778.05,7
2025-12-31 14:54:13,SKU-011,2.8,785.91,3
2026-02-07 14:54:13,SKU-023,34.18,17795.89,37
2025-11-11 14:54:13,SKU-387,5.65,979.8,6
2026-07-04 14:54:13,SKU-405,22.41,5018.58,21
2026-07-04 14:54:13,SKU-422,43.4,17209.92,42
2025-12-07 14:54:13,SKU-035,13.34,3379.46,14
2025-12-28 14:54:13,SKU-266,38.21,11438.0,38
2025-09-13 14:54:13,SKU-238,43.64,7821.57,41
2026-01-02 14:54:13,SKU-401,2.88,1157.76,3
2026-04-24 14:54:13,SKU-371,10.94,3038.64,12
2026-07-30 14:54:13,SKU-426,43.78,3085.32,42
2025-12-20 14:54:13,SKU-121,18.82,3880.8,18
2025-08-22 14:54:13,SKU-130,17.75,7945.46,17
2025-12-13 14:54:13,SKU-262,11.27,1185.36,11
2025-12-28 14:54:13,SKU-383,8.83,4073.85,9
2025-12-27 14:54:13,SKU-250,33.82,6312.6,36
2025-11-30 14:54:13,SKU-212,8.44,2586.32,8
2026-04-20 14:54:13,SKU-362,15.0,3035.2,14
2026-07-18 14:54:13,SKU-242,19.47,4296.81,21
2026-01-24 14:54:13,SKU-478,21.69,9136.0,20
2025-12-17 14:54:13,SKU-135,27.23,7211.1,26
2026-02-15 14:54:13,SKU-246,42.38,10659.0,44
2026-01-02 14:54:13,SKU-330,37.89,12371.28,38
2025-12-08 14:54:13,SKU-266,7.74,2408.0,8
2026-07-17 14:54:13,SKU-070,38.87,19428.24,39
2025-08-28 14:54:13,SKU-443,25.79,2048.2,28
2026-06-10 14:54:13,SKU-352,39.44,3142.44,42
2026-02-06 14:54:13,SKU-110,38.32,4861.5,42
2025-09-04 14:54:13,SKU-282,11.64,1734.48,11
2026-02-06 14:54:13,SKU-057,42.67,12833.2,40
2026-05-24 14:54:13,SKU-477,6.91,2803.01,7
2026-04-25 14:54:13,SKU-213,16.56,8145.72,18
2026-03-24 14:54:13,SKU-229,19.8,3581.8,20
2026-04-13 14:54:13,SKU-370,17.4,5428.62,18
2025-10-21 14:54:13,SKU-088,29.2,14919.9,30
2026-07-19 14:54:13,SKU-394,53.57,17891.86,49
2026-03-16 14:54:13,SKU-186,36.12,3678.48,36
2026-06-02 14:54:13,SKU-013,23.93,1047.0,25
2026-03-08 14:54:13,SKU-403,35.45,14298.65,37
2026-05-16 14:54:13,SKU-442,15.42,6995.2,16
2025-09-13 14:54:13,SKU-280,7.48,3518.64,8
2025-08-15 14:54:13,SKU-112,26.24,8380.84,26
2026-07-15 14:54:13,SKU-013,27.38,1214.52,29
2026-02-12 14:54:13,SKU-104,12.97,5333.28,12
2026-01-13 14:54:13,SKU-108,17.56,522.54,18
2026-04-25 14:54:13,SKU-470,36.22,8389.01,37
2025-11-06 14:54:13,SKU-474,11.1,2902.44,12
2026-04-21 14:54:13,SKU-424,8.83,2648.16,9
2025-08-15 14:54:13,SKU-485,11.88,3777.62,11
2026-01-26 14:54:13,SKU-333,44.25,5463.42,46
2026-04-15 14:54:13,SKU-362,7.36,1517.6,7
2026-07-31 14:54:13,SKU-416,14.05,1447.5,15
2026-02-24 14:54:13,SKU-341,0.94,295.69,1
2025-09-05 14:54:13,SKU-108,40.67,1074.11,37
2026-04-04 14:54:13,SKU-341,44.49,13306.05,45
2026-01-08 14:54:13,SKU-487,15.49,6274.08,16
2025-10-17 14:54:13,SKU-255,40.52,10680.4,40
2026-08-07 14:54:13,SKU-309,22.54,4896.5,25
2026-08-02 14:54:13,SKU-090,43.56,22896.48,48
2025-08-22 14:54:13,SKU-009,5.41,1029.65,5
2026-05-21 14:54:13,SKU-182,32.44,3200.75,35
2026-03-24 14:54:13,SKU-366,12.86,2395.64,13
2025-10-07 14:54:13,SKU-365,12.88,608.16,14
2026-06-30 14:54:13,SKU-422,31.12,13522.08,33
2026-02-26 14:54:13,SKU-105,40.18,2073.85,37
2026-01-28 14:54:13,SKU-074,15.72,768.45,15
2026-03-19 14:54:13,SKU-261,18.02,1931.35,19
2025-08-14 14:54:13,SKU-010,31.89,5875.12,31
2026-05-29 14:54:13,SKU-488,24.53,1535.5,25
2025-11-19 14:54:13,SKU-098,3.08,504.15,3
2026-01-03 14:54:13,SKU-309,46.85,8421.98,43
2025-12-09 14:54:13,SKU-063,35.74,4009.28,34
2026-07-25 14:54:13,SKU-260,37.99,6034.79,41
2026-03-05 14:54:13,SKU-434,26.48,7073.36,28
2025-12-04 14:54:13,SKU-076,4.79,2435.5,5
2026-01-24 14:54:13,SKU-001,31.07,3196.16,32
2026-04-18 14:54:13,SKU-368,28.97,5517.72,27
2026-01-27 14:54:13,SKU-174,35.23,14611.74,39
2026-05-31 14:54:13,SKU-446,22.63,3145.48,23
2025-10-08 14:54:13,SKU-433,9.15,425.7,9
2025-09-28 14:54:13,SKU-215,22.23,4852.8,24
2026-04-06 14:54:13,SKU-382,32.55,11839.83,31
2025-09-30 14:54:13,SKU-048,43.02,17665.69,43
2026-02-03 14:54:13,SKU-216,26.43,11779.04,26
2025-09-06 14:54:13,SKU-367,4.35,622.36,4
2026-02-21 14:54:13,SKU-478,22.83,10049.6,22
2026-04-09 14:54:13,SKU-114,45.19,19582.36,49
2026-06-18 14:54:13,SKU-469,4.3,1930.48,4
2026-02-12 14:54:13,SKU-415,21.43,6008.06,23
2026-03-05 14:54:13,SKU-084,25.17,9187.58,23
2026-01-02 14:54:13,SKU-165,39.65,3028.08,37
2025-09-24 14:54:13,SKU-414,16.83,5909.94,18
2026-08-01 14:54:13,SKU-420,21.12,1904.2,20
2026-06-06 14:54:13,SKU-365,6.31,304.08,7
2025-10-17 14:54:13,SKU-117,36.18,7153.26,34
2026-05-03 14:54:13,SKU-055,31.91,4503.04,32
2026-03-29 14:54:13,SKU-461,4.95,1724.05,5
2026-08-03 14:54:13,SKU-010,29.61,5117.04,27
2026-02-19 14:54:13,SKU-179,30.58,875.56,28
2025-11-03 14:54:13,SKU-078,27.24,3596.7,30
2026-01-02 14:54:13,SKU-265,4.52,2333.45,5
2026-06-14 14:54:13,SKU-062,39.43,17224.0,40
2026-01-04 14:54:13,SKU-063,36.45,4245.12,36
2026-07-10 14:54:13,SKU-141,33.45,11351.67,33
2026-05-29 14:54:13,SKU-043,43.03,13900.92,44
2026-06-19 14:54:13,SKU-262,1.06,107.76,1
2025-08-31 14:54:13,SKU-219,30.39,2297.96,28
2026-04-05 14:54:13,SKU-312,20.93,6286.36,23
2026-02-08 14:54:13,SKU-486,27.29,8763.5,25
2026-05-14 14:54:13,SKU-120,17.37,8601.84,18
2025-11-11 14:54:13,SKU-057,18.64,6095.77,19
2026-04-04 14:54:13,SKU-193,3.19,642.45,3
2026-03-31 14:54:13,SKU-227,37.24,19472.8,40
2026-04-04 14:54:13,SKU-127,34.69,9032.22,38
2026-01-29 14:54:13,SKU-468,48.33,16574.4,45
2026-02-24 14:54:13,SKU-184,12.6,5960.11,13
2026-07-13 14:54:13,SKU-201,2.18,543.66,2
2025-12-06 14:54:13,SKU-391,45.87,17479.14,42
2026-07-05 14:54:13,SKU-276,15.38,1334.33,17
2025-10-12 14:54:13,SKU-258,37.79,9016.92,36
2026-04-13 14:54:13,SKU-325,7.05,1078.56,7
2026-02-23 14:54:13,SKU-036,29.99,11483.4,30
2026-05-22 14:54:13,SKU-216,8.59,4077.36,9
2025-08-24 14:54:13,SKU-152,5.02,2244.05,5
2026-03-09 14:54:13,SKU-057,11.12,3849.96,12
2026-07-20 14:54:13,SKU-286,10.28,1915.1,11
2025-12-17 14:54:13,SKU-209,13.59,2412.15,15
2026-05-08 14:54:13,SKU-265,27.91,13067.32,28
2026-03-12 14:54:13,SKU-419,26.15,12544.2,27
2026-01-05 14:54:13,SKU-076,0.94,487.1,1
2025-12-17 14:54:13,SKU-109,9.52,1700.6,10
2025-11-14 14:54:13,SKU-315,39.09,9036.3,39
2025-09-06 14:54:13,SKU-146,30.04,2714.6,28
2025-10-31 14:54:13,SKU-167,43.56,19420.72,44
2026-04-21 14:54:13,SKU-479,33.13,3429.58,34
2025-09-17 14:54:13,SKU-402,9.66,2205.81,9
2026-02-26 14:54:13,SKU-494,35.35,12174.4,35
2026-03-18 14:54:13,SKU-398,32.37,13090.5,30
2026-03-02 14:54:13,SKU-468,2.01,736.64,2
2026-01-16 14:54:13,SKU-150,21.25,2915.02,23
2026-01-23 14:54:13,SKU-381,4.26,1102.12,4
2025-08-11 14:54:13,SKU-217,6.74,1832.95,7
2025-11-24 14:54:13,SKU-140,5.21,1656.5,5
2026-08-03 14:54:13,SKU-298,12.03,2152.68,12
2025-10-23 14:54:13,SKU-450,15.23,1094.1,15
2025-08-27 14:54:13,SKU-122,3.92,737.72,4
2026-04-19 14:54:13,SKU-297,40.38,10761.27,39
2025-09-24 14:54:13,SKU-198,36.32,14369.76,34
2026-07-02 14:54:13,SKU-078,36.71,4435.93,37
2025-08-13 14:54:13,SKU-451,22.78,4879.6,22
2025-10-16 14:54:13,SKU-051,11.96,1704.12,12
2025-08-17 14:54:13,SKU-145,13.12,5248.23,13
2025-12-26 14:54:13,SKU-004,40.68,3120.0,39
2025-12-22 14:54:13,SKU-052,18.66,3949.72,19
2026-03-17 14:54:13,SKU-458,12.65,4905.29,13
2025-08-14 14:54:13,SKU-024,26.18,3431.04,24
2026-06-30 14:54:13,SKU-259,33.8,13395.48,37
2026-05-28 14:54:13,SKU-310,29.56,3432.63,31
2026-06-02 14:54:13,SKU-473,13.93,4684.03,13
2025-12-29 14:54:13,SKU-334,27.78,8142.39,27
2026-03-30 14:54:13,SKU-420,44.7,4665.29,49
2026-04-25 14:54:13,SKU-489,12.76,6414.98,13
2026-07-24 14:54:13,SKU-308,46.15,7428.25,43
2025-11-25 14:54:13,SKU-022,2.88,908.91,3
2026-03-14 14:54:13,SKU-442,5.19,2186.0,5
2025-08-23 14:54:13,SKU-039,37.76,6725.23,41
2026-05-05 14:54:13,SKU-493,14.08,630.5,13
2025-10-06 14:54:13,SKU-353,39.45,13948.0,40
2026-01-30 14:54:13,SKU-128,34.82,10911.95,35
2026-03-16 14:54:13,SKU-005,11.49,5337.86,11
2026-02-10 14:54:13,SKU-117,10.26,2103.9,10
2025-10-16 14:54:13,SKU-162,7.24,3065.12,8
2026-07-03 14:54:13,SKU-237,43.29,22197.15,45
2025-08-30 14:54:13,SKU-297,32.36,9381.62,34
2026-02-25 14:54:13,SKU-409,42.34,4560.66,39
2026-07-02 14:54:13,SKU-395,21.19,6297.86,23
2026-01-23 14:54:13,SKU-070,2.16,996.32,2
2025-11-07 14:54:13,SKU-340,15.43,345.0,15
2025-10-21 14:54:13,SKU-349,38.96,9158.98,37
2026-05-15 14:54:13,SKU-289,44.67,16751.74,47
2026-01-23 14:54:13,SKU-274,36.52,4086.65,37
2026-06-26 14:54:13,SKU-479,9.53,1008.7,10
2026-02-02 14:54:13,SKU-123,46.6,7810.88,44
2025-08-26 14:54:13,SKU-225,35.31,3766.56,38
2025-08-12 14:54:13,SKU-156,31.0,4610.1,30
2026-06-21 14:54:13,SKU-464,5.15,450.9,5
2026-03-29 14:54:13,SKU-181,47.18,15783.75,45
2026-07-23 14:54:13,SKU-189,27.67,10563.0,30
2025-12-16 14:54:13,SKU-411,6.49,1502.27,7
2026-02-13 14:54:13,SKU-053,37.14,18300.8,38
2026-03-24 14:54:13,SKU-476,14.86,6359.1,15
2026-07-27 14:54:13,SKU-048,19.9,7805.77,19
2026-02-08 14:54:13,SKU-349,42.88,9654.06,39
2025-10-13 14:54:13,SKU-003,31.5,6815.87,29
2026-08-03 14:54:13,SKU-097,11.5,1479.94,11
2025-09-18 14:54:13,SKU-021,30.06,7141.78,31
2025-11-09 14:54:13,SKU-066,38.32,12279.24,36
2025-12-11 14:54:13,SKU-338,1.0,472.76,1
2026-01-16 14:54:13,SKU-291,30.7,7057.4,28
2025-09-22 14:54:13,SKU-281,38.67,15584.94,38
2025-09-30 14:54:13,SKU-191,2.13,691.04,2
2025-10-18 14:54:13,SKU-492,8.87,3981.96,9
2026-03-28 14:54:13,SKU-188,31.87,5783.67,31
2026-01-21 14:54:13,SKU-076,19.18,10229.1,21
2026-02-03 14:54:13,SKU-326,2.99,800.85,3
2026-03-16 14:54:13,SKU-494,21.68,7304.64,21
2026-04-22 14:54:13,SKU-230,40.1,1125.52,44
2026-04-21 14:54:13,SKU-261,15.47,1524.75,15
2026-01-01 14:54:13,SKU-257,34.33,17946.48,37
2026-07-27 14:54:13,SKU-047,12.87,1863.42,13
2026-04-02 14:54:13,SKU-311,22.55,6422.22,21
2026-01-23 14:54:13,SKU-155,24.67,7565.48,26
2026-01-31 14:54:13,SKU-358,26.89,3480.25,25
2025-11-15 14:54:13,SKU-264,6.57,2703.47,7
2026-02-26 14:54:13,SKU-021,22.09,4837.98,21
2026-05-01 14:54:13,SKU-276,45.43,3610.54,46
2025-11-11 14:54:13,SKU-249,48.79,13755.84,48
2026-01-11 14:54:13,SKU-094,10.16,930.5,10
2026-05-29 14:54:13,SKU-080,18.76,3791.4,20
2026-07-18 14:54:13,SKU-037,7.12,1862.98,7
2025-11-11 14:54:13,SKU-232,16.08,1169.44,16
2026-01-23 14:54:13,SKU-432,32.98,3654.59,31
2025-10-22 14:54:13,SKU-225,25.78,2676.24,27
2025-09-08 14:54:13,SKU-090,50.23,23373.49,49
2026-07-04 14:54:13,SKU-220,23.86,8895.71,23
2025-12-23 14:54:13,SKU-042,40.76,14718.48,42
2025-10-07 14:54:13,SKU-283,44.21,8469.98,46
2025-12-17 14:54:13,SKU-073,23.59,9880.8,23
2026-01-10 14:54:13,SKU-436,3.06,1300.8,3
2026-07-02 14:54:13,SKU-314,1.83,920.08,2
2025-11-05 14:54:13,SKU-082,1.82,380.36,2
2025-11-21 14:54:13,SKU-293,22.97,5614.32,24
2026-03-07 14:54:13,SKU-065,0.91,470.86,1
2025-11-23 14:54:13,SKU-237,49.72,23183.69,47
2026-07-07 14:54:13,SKU-311,22.73,7339.68,24
2026-06-07 14:54:13,SKU-492,25.91,11503.44,26
2025-09-14 14:54:13,SKU-024,24.0,3431.04,24
2025-08-26 14:54:13,SKU-464,16.16,1533.06,17
2026-05-08 14:54:13,SKU-207,34.64,6307.0,34
2026-03-16 14:54:13,SKU-335,3.96,389.96,4
2025-10-24 14:54:13,SKU-483,19.74,5386.14,18
2026-02-04 14:54:13,SKU-297,24.53,6346.39,23
2026-04-26 14:54:13,SKU-039,11.44,1968.36,12
2026-01-18 14:54:13,SKU-026,40.31,5373.88,37
2025-12-20 14:54:13,SKU-002,19.81,1729.0,20
2026-05-25 14:54:13,SKU-164,28.12,5722.08,28
2025-10-05 14:54:13,SKU-188,33.63,6529.95,35
2025-09-15 14:54:13,SKU-310,25.07,2768.25,25
2025-10-14 14:54:13,SKU-083,4.64,2235.5,5
2026-03-14 14:54:13,SKU-022,45.01,13027.71,43
2026-02-07 14:54:13,SKU-357,33.6,4001.4,36
2026-02-06 14:54:13,SKU-292,17.47,1087.74,18
2025-09-01 14:54:13,SKU-169,2.07,101.84,2
2026-06-06 14:54:13,SKU-384,35.24,19264.44,39
2026-06-16 14:54:13,SKU-285,25.77,5757.7,26
2026-02-14 14:54:13,SKU-336,28.77,3928.01,31
2025-09-28 14:54:13,SKU-479,34.66,3732.19,37
2026-04-05 14:54:13,SKU-176,15.34,2100.0,14
2026-08-04 14:54:13,SKU-099,50.64,16648.34,47
2026-04-10 14:54:13,SKU-002,43.3,3544.45,41
2025-10-31 14:54:13,SKU-229,15.83,2865.44,16
2026-05-07 14:54:13,SKU-029,11.54,4276.32,12
2025-11-24 14:54:13,SKU-337,34.82,4132.8,32
2025-10-18 14:54:13,SKU-337,42.65,5811.75,45
2025-11-18 14:54:13,SKU-433,17.16,851.4,18
2025-09-08 14:54:13,SKU-185,13.58,872.34,14
2025-12-08 14:54:13,SKU-390,38.04,17800.86,42
2026-04-27 14:54:13,SKU-349,17.85,4455.72,18
2026-01-29 14:54:13,SKU-433,36.93,1844.7,39
2025-12-02 14:54:13,SKU-270,38.7,16065.42,42
2026-08-07 14:54:13,SKU-429,19.49,6664.5,18
2025-10-07 14:54:13,SKU-020,52.79,4827.84,48
2026-02-22 14:54:13,SKU-486,14.5,4907.56,14
2026-05-30 14:54:13,SKU-052,8.0,1663.04,8
2025-10-18 14:54:13,SKU-236,30.03,1593.71,31
2025-09-11 14:54:13,SKU-234,31.68,8110.08,33
2025-12-02 14:54:13,SKU-030,12.68,4655.04,12
2026-02-11 14:54:13,SKU-474,27.56,7256.1,30
2025-10-11 14:54:13,SKU-386,3.08,295.44,3
2026-02-05 14:54:13,SKU-025,14.06,6278.74,13
2026-06-17 14:54:13,SKU-163,21.99,1369.65,23
2026-04-13 14:54:13,SKU-445,42.3,11583.73,41
2025-09-26 14:54:13,SKU-031,1.9,371.3,2
2025-11-28 14:54:13,SKU-333,4.95,593.85,5
2026-07-06 14:54:13,SKU-300,41.8,3661.02,43
2026-05-23 14:54:13,SKU-162,6.48,2681.98,7
2025-10-04 14:54:13,SKU-374,3.3,636.81,3
2026-06-19 14:54:13,SKU-026,23.67,3485.76,24
2026-02-14 14:54:13,SKU-299,52.79,8714.16,49
2025-08-21 14:54:13,SKU-497,42.2,17516.85,39
2025-11-03 14:54:13,SKU-146,33.07,3490.2,36
2025-09-23 14:54:13,SKU-046,21.02,1536.04,22
2025-12-02 14:54:13,SKU-478,45.03,19642.4,43
2025-09-09 14:54:13,SKU-380,8.61,3804.96,8
2026-07-05 14:54:13,SKU-367,20.87,3111.8,20
2026-04-28 14:54:13,SKU-275,11.58,5103.56,11
2026-03-09 14:54:13,SKU-328,25.05,2280.22,23
2025-09-05 14:54:13,SKU-480,26.76,8304.66,27
2026-01-27 14:54:13,SKU-384,28.55,14324.84,29
2026-05-26 14:54:13,SKU-169,20.44,967.48,19
2025-08-26 14:54:13,SKU-097,22.46,3094.42,23
2025-08-22 14:54:13,SKU-352,7.58,598.56,8
2026-02-03 14:54:13,SKU-220,26.51,10056.02,26
2026-05-06 14:54:13,SKU-463,28.95,6127.24,28
2026-07-29 14:54:13,SKU-279,44.73,13783.22,43
2026-05-23 14:54:13,SKU-117,25.27,5470.14,26
2026-01-11 14:54:13,SKU-039,47.86,7873.44,48
2025-12-22 14:54:13,SKU-422,49.72,18848.96,46
2026-03-14 14:54:13,SKU-106,18.31,1547.46,18
2026-07-06 14:54:13,SKU-072,16.88,2493.05,17
2026-02-12 14:54:13,SKU-413,6.4,741.12,6
2026-04-29 14:54:13,SKU-246,26.17,6298.5,26
2026-05-15 14:54:13,SKU-099,22.8,8147.06,23
2025-11-07 14:54:13,SKU-104,12.89,5777.72,13
2026-02-09 14:54:13,SKU-394,8.4,3286.26,9
2026-05-06 14:54:13,SKU-386,35.43,3348.32,34
2026-05-28 14:54:13,SKU-034,37.1,11390.12,38
2025-12-08 14:54:13,SKU-490,5.83,1077.3,6
2026-06-29 14:54:13,SKU-192,19.68,8214.3,18
2025-12-21 14:54:13,SKU-372,2.85,521.34,3
2025-12-17 14:54:13,SKU-094,24.33,2512.35,27
2026-03-08 14:54:13,SKU-029,10.99,4276.32,12
2026-05-30 14:54:13,SKU-130,44.16,21032.1,45
2025-11-17 14:54:13,SKU-024,23.02,3145.12,22
2026-01-31 14:54:13,SKU-314,27.49,13341.16,29
2026-06-22 14:54:13,SKU-143,29.35,10893.4,31
2026-03-06 14:54:13,SKU-299,9.21,1778.4,10
2025-10-13 14:54:13,SKU-160,1.91,452.7,2
2026-01-23 14:54:13,SKU-322,33.02,6345.39,31
2025-09-08 14:54:13,SKU-282,3.09,473.04,3
2026-05-18 14:54:13,SKU-256,43.63,23935.68,48
2026-07-22 14:54:13,SKU-323,17.53,7234.02,18
2026-01-06 14:54:13,SKU-087,0.98,21.91,1
2026-02-24 14:54:13,SKU-362,43.86,9539.2,44
2025-08-27 14:54:13,SKU-429,38.73,14810.0,40
2025-10-25 14:54:13,SKU-387,41.27,6368.7,39
2026-06-08 14:54:13,SKU-248,24.06,6009.96,22
2025-11-03 14:54:13,SKU-069,10.3,2894.65,11
2026-03-14 14:54:13,SKU-347,31.47,15113.43,31
2026-01-31 14:54:13,SKU-094,40.57,3442.85,37
2025-09-10 14:54:13,SKU-444,10.21,4117.52,11
2025-11-23 14:54:13,SKU-130,29.33,12619.26,27
2025-11-19 14:54:13,SKU-359,20.34,6389.25,21
2026-07-17 14:54:13,SKU-180,30.24,13350.73,29
2025-09-17 14:54:13,SKU-317,20.74,3751.4,20
2025-12-09 14:54:13,SKU-386,30.15,3151.36,32
2026-06-29 14:54:13,SKU-169,33.24,1680.36,33
2025-08-23 14:54:13,SKU-261,19.43,1931.35,19
2026-06-19 14:54:13,SKU-409,35.13,4092.9,35
2026-05-15 14:54:13,SKU-261,37.07,3964.35,39
2026-06-15 14:54:13,SKU-175,20.01,2527.6,20
2025-11-22 14:54:13,SKU-472,30.57,3569.94,33
2026-03-10 14:54:13,SKU-434,14.69,4041.92,16
2026-03-03 14:54:13,SKU-332,40.51,19567.35,45
2026-04-23 14:54:13,SKU-089,33.69,14173.12,32
2026-06-09 14:54:13,SKU-368,40.73,8991.84,44
2026-02-04 14:54:13,SKU-498,14.2,461.11,13
2025-08-25 14:54:13,SKU-480,33.1,11072.88,36
2026-03-12 14:54:13,SKU-325,16.68,2465.28,16
2026-06-11 14:54:13,SKU-280,19.32,7916.94,18
2025-10-09 14:54:13,SKU-090,15.84,7632.16,16
2025-09-08 14:54:13,SKU-474,24.62,5563.01,23
2026-05-26 14:54:13,SKU-079,23.46,3156.25,25
2025-10-06 14:54:13,SKU-279,46.87,13783.22,43
2025-11-11 14:54:13,SKU-398,20.34,8727.0,20
2026-08-04 14:54:13,SKU-181,13.79,4559.75,13
2026-04-05 14:54:13,SKU-446,35.19,4513.08,33
2025-10-22 14:54:13,SKU-018,35.87,4514.4,33
2025-08-27 14:54:13,SKU-438,18.01,1654.9,19
2025-12-08 14:54:13,SKU-483,37.21,11071.51,37
2026-02-22 14:54:13,SKU-409,9.48,1169.4,10
2025-08-21 14:54:13,SKU-341,28.5,7983.63,27
2026-04-20 14:54:13,SKU-445,28.84,8475.9,30
2025-08-17 14:54:13,SKU-080,17.21,3033.12,16
2025-08-22 14:54:13,SKU-016,34.63,12084.45,35
2026-03-26 14:54:13,SKU-178,45.68,23291.52,48
2025-12-22 14:54:13,SKU-297,22.92,6622.32,24
2025-10-15 14:54:13,SKU-153,9.38,137.79,9
2026-04-26 14:54:13,SKU-317,21.1,3751.4,20
2025-10-04 14:54:13,SKU-481,1.09,283.62,1
2026-03-24 14:54:13,SKU-301,42.79,14551.67,47
2025-12-09 14:54:13,SKU-026,14.51,2033.36,14
2026-06-08 14:54:13,SKU-199,29.88,7429.46,31
2026-05-22 14:54:13,SKU-479,40.05,4236.54,42
2026-03-30 14:54:13,SKU-398,32.99,15708.6,36
2025-09-03 14:54:13,SKU-496,45.75,21431.7,45
2025-09-04 14:54:13,SKU-347,29.02,15600.96,32
2025-09-16 14:54:13,SKU-366,25.97,4791.28,26
2026-06-26 14:54:13,SKU-227,7.62,3894.56,8
2025-11-04 14:54:13,SKU-362,17.87,4119.2,19
2026-07-31 14:54:13,SKU-348,47.3,18728.65,43
2025-11-18 14:54:13,SKU-287,28.8,7582.8,30
2025-08-25 14:54:13,SKU-396,32.04,9817.39,31
2025-09-08 14:54:13,SKU-165,39.37,3519.12,43
2025-11-02 14:54:13,SKU-130,15.42,7010.7,15
2026-06-12 14:54:13,SKU-214,39.04,6908.02,38
2026-07-07 14:54:13,SKU-090,27.23,13356.28,28
2025-12-24 14:54:13,SKU-123,26.78,5148.08,29
2025-09-29 14:54:13,SKU-274,13.96,1546.3,14
2026-02-17 14:54:13,SKU-483,44.35,13166.12,44
2025-10-27 14:54:13,SKU-181,29.01,9821.0,28
2025-08-31 14:54:13,SKU-281,10.45,4101.3,10
2025-09-27 14:54:13,SKU-211,21.97,6579.76,22
2026-06-12 14:54:13,SKU-372,22.41,3996.94,23
2026-07-10 14:54:13,SKU-260,7.85,1177.52,8
2025-11-19 14:54:13,SKU-371,19.5,5317.62,21
2026-04-10 14:54:13,SKU-353,44.63,17086.3,49
2025-11-13 14:54:13,SKU-043,36.62,10741.62,34
2025-10-16 14:54:13,SKU-206,11.21,1464.36,12
2026-06-28 14:54:13,SKU-237,2.09,986.54,2
2026-07-13 14:54:13,SKU-413,29.54,3952.64,32
2025-12-30 14:54:13,SKU-156,41.72,6761.48,44
2026-07-02 14:54:13,SKU-416,22.25,2316.0,24
2026-07-20 14:54:13,SKU-338,34.05,17492.12,37
2026-05-27 14:54:13,SKU-358,43.5,5568.4,40
2026-03-12 14:54:13,SKU-203,22.77,11350.56,24
2026-07-08 14:54:13,SKU-044,39.32,18791.86,43
2026-02-25 14:54:13,SKU-380,24.81,10939.26,23
2026-04-01 14:54:13,SKU-395,36.87,9583.7,35
2026-05-21 14:54:13,SKU-042,17.34,6307.92,18
2026-05-17 14:54:13,SKU-220,7.99,3094.16,8
2026-06-15 14:54:13,SKU-237,7.59,3946.16,8
2026-04-28 14:54:13,SKU-100,35.0,13417.47,33
2026-07-04 14:54:13,SKU-286,39.51,6789.9,39
2026-05-30 14:54:13,SKU-282,33.06,5361.12,34
2025-11-10 14:54:13,SKU-424,37.96,11475.36,39
2025-10-02 14:54:13,SKU-476,41.69,16109.72,38
2026-08-09 14:54:13,SKU-466,48.03,15874.08,48
2026-01-13 14:54:13,SKU-230,5.05,127.9,5
2026-04-17 14:54:13,SKU-223,18.64,2553.4,20
2026-08-05 14:54:13,SKU-380,2.93,1426.86,3
2026-02-15 14:54:13,SKU-407,6.43,1021.02,7
2025-10-07 14:54:13,SKU-362,9.46,1951.2,9
2025-09-20 14:54:13,SKU-210,45.0,13673.28,48
2025-10-27 14:54:13,SKU-281,44.5,18045.72,44
2025-12-07 14:54:13,SKU-039,14.51,2460.45,15
2025-10-23 14:54:13,SKU-104,4.04,1777.76,4
2026-05-21 14:54:13,SKU-255,21.73,5607.21,21
2026-04-07 14:54:13,SKU-206,9.95,1220.3,10
2026-04-26 14:54:13,SKU-022,40.51,11209.89,37
2026-04-25 14:54:13,SKU-459,13.16,4578.6,12
2026-04-18 14:54:13,SKU-107,43.2,17264.0,40
2026-03-20 14:54:13,SKU-379,2.17,918.96,2
2026-07-25 14:54:13,SKU-258,35.21,8265.51,33
2026-02-09 14:54:13,SKU-236,7.61,411.28,8
2026-07-29 14:54:13,SKU-444,50.29,17593.04,47
2025-11-22 14:54:13,SKU-127,45.56,10696.05,45
2026-04-24 14:54:13,SKU-155,42.0,12512.14,43
2026-05-25 14:54:13,SKU-040,4.6,660.75,5
2025-10-06 14:54:13,SKU-264,41.6,16220.82,42
2025-11-05 14:54:13,SKU-376,38.25,14397.6,35
2026-06-16 14:54:13,SKU-463,20.79,4376.6,20
2026-04-19 14:54:13,SKU-323,48.07,18486.94,46
2026-05-15 14:54:13,SKU-302,11.45,5134.14,11
2026-04-02 14:54:13,SKU-295,36.95,12736.5,35
2025-12-24 14:54:13,SKU-038,36.08,8334.99,37
2025-09-13 14:54:13,SKU-296,32.65,10373.12,32
2026-05-10 14:54:13,SKU-383,33.16,14937.45,33
2026-03-19 14:54:13,SKU-308,8.72,1554.75,9
2026-03-03 14:54:13,SKU-113,20.22,10186.47,21
2026-05-03 14:54:13,SKU-197,6.14,1806.72,6
2025-12-29 14:54:13,SKU-121,0.92,215.6,1
2026-06-08 14:54:13,SKU-239,7.51,324.4,8
2026-03-31 14:54:13,SKU-369,3.11,426.78,3
2026-02-03 14:54:13,SKU-394,53.69,17891.86,49
2025-12-06 14:54:13,SKU-446,36.06,4923.36,36
2026-03-04 14:54:13,SKU-218,36.08,16869.84,39
2025-10-05 14:54:13,SKU-385,4.32,117.28,4
2026-05-28 14:54:13,SKU-268,13.45,1415.05,13
2026-04-02 14:54:13,SKU-358,22.62,3201.83,23
2025-12-23 14:54:13,SKU-080,21.62,4170.54,22
2026-03-23 14:54:13,SKU-440,31.9,9954.83,29
2025-08-17 14:54:13,SKU-103,42.28,15645.24,39
2025-11-08 14:54:13,SKU-240,43.64,14381.6,40
2026-07-09 14:54:13,SKU-354,38.51,14870.52,36
2026-01-02 14:54:13,SKU-428,1.99,813.32,2
2025-12-02 14:54:13,SKU-093,29.68,2899.4,28
2026-03-21 14:54:13,SKU-143,40.03,14056.0,40
2026-01-27 14:54:13,SKU-276,12.28,941.88,12
2026-03-22 14:54:13,SKU-023,49.7,23086.56,48
2026-07-09 14:54:13,SKU-153,21.34,321.51,21
2026-04-07 14:54:13,SKU-229,39.61,7700.87,43
2026-01-13 14:54:13,SKU-141,38.94,14791.57,43
2025-09-26 14:54:13,SKU-099,40.82,13814.58,39
2025-10-16 14:54:13,SKU-480,42.89,13841.1,45
2025-11-04 14:54:13,SKU-119,7.86,2668.0,8
2026-05-26 14:54:13,SKU-091,42.69,12919.1,46
2026-04-05 14:54:13,SKU-204,26.08,3542.4,27
2026-08-07 14:54:13,SKU-407,49.48,7147.14,49
2025-12-02 14:54:13,SKU-254,21.84,8538.0,20
2025-08-29 14:54:13,SKU-208,7.7,2119.6,8
2026-07-25 14:54:13,SKU-181,43.03,14380.75,41
2026-06-06 14:54:13,SKU-415,11.25,3134.64,12
2025-10-22 14:54:13,SKU-079,38.41,4923.75,39
2025-11-14 14:54:13,SKU-396,26.18,7917.25,25
2026-03-22 14:54:13,SKU-463,6.59,1312.98,6
2025-12-04 14:54:13,SKU-427,33.85,16739.45,35
2026-04-16 14:54:13,SKU-182,5.45,457.25,5
2026-07-21 14:54:13,SKU-392,31.95,9111.36,32
2025-11-04 14:54:13,SKU-244,33.74,3521.91,31
2025-12-09 14:54:13,SKU-184,10.98,5501.64,12
2025-12-21 14:54:13,SKU-070,21.23,11457.68,23
2026-03-19 14:54:13,SKU-187,16.67,1958.4,16
2026-02-18 14:54:13,SKU-278,8.36,810.72,8
2026-07-10 14:54:13,SKU-179,36.22,1219.53,39
2026-07-07 14:54:13,SKU-162,39.45,15325.6,40
2025-10-03 14:54:13,SKU-123,47.0,7810.88,44
2025-12-01 14:54:13,SKU-455,24.87,8918.94,23
2025-12-06 14:54:13,SKU-135,26.11,6933.75,25
2026-03-10 14:54:13,SKU-422,37.28,13931.84,34
2026-08-09 14:54:13,SKU-128,32.69,9353.1,30
2026-07-31 14:54:13,SKU-394,20.81,7302.8,20
2025-11-26 14:54:13,SKU-045,24.68,2738.34,27
2026-02-03 14:54:13,SKU-315,37.63,8341.2,36
2026-05-04 14:54:13,SKU-160,40.25,8601.3,38
2026-02-16 14:54:13,SKU-489,50.99,23192.62,47
2026-01-02 14:54:13,SKU-357,40.32,4446.0,40
2026-03-11 14:54:13,SKU-204,40.74,5248.0,40
2026-02-07 14:54:13,SKU-082,20.79,3613.42,19
2026-02-26 14:54:13,SKU-272,52.32,20016.0,48
2026-01-28 14:54:13,SKU-432,36.38,4597.71,39
2026-04-04 14:54:13,SKU-369,10.41,1422.6,10
2025-12-17 14:54:13,SKU-311,53.57,14985.18,49
2025-12-04 14:54:13,SKU-293,23.57,5614.32,24
2025-12-15 14:54:13,SKU-391,44.36,17479.14,42
2026-07-03 14:54:13,SKU-094,36.19,3070.65,33
2025-08-21 14:54:13,SKU-280,8.25,3958.47,9
2026-03-26 14:54:13,SKU-447,30.32,8744.12,28
2025-11-01 14:54:13,SKU-023,45.55,20200.74,42
2025-10-29 14:54:13,SKU-344,35.28,9874.92,33
2026-07-07 14:54:13,SKU-455,33.2,12021.18,31
2025-09-10 14:54:13,SKU-190,1.88,323.34,2
2025-10-24 14:54:13,SKU-313,32.13,8098.46,34
2025-09-08 14:54:13,SKU-331,2.18,44.88,2
2025-10-26 14:54:13,SKU-423,40.69,10105.44,37
2025-12-12 14:54:13,SKU-428,17.4,7726.54,19
2025-10-26 14:54:13,SKU-392,37.4,10535.01,37
2025-10-10 14:54:13,SKU-203,23.79,12296.44,26
2026-07-02 14:54:13,SKU-103,46.34,17249.88,43
2026-02-20 14:54:13,SKU-359,19.47,5780.75,19
2025-12-01 14:54:13,SKU-326,35.79,9877.15,37
2026-01-10 14:54:13,SKU-286,33.39,5745.3,33
2026-04-29 14:54:13,SKU-115,18.88,6742.44,18
2026-07-09 14:54:13,SKU-139,37.63,2082.36,37
2026-02-21 14:54:13,SKU-052,16.29,3741.84,18
2025-11-11 14:54:13,SKU-287,39.28,9099.36,36
2026-01-02 14:54:13,SKU-309,22.47,4308.92,22
2026-07-18 14:54:13,SKU-002,4.69,432.25,5
2026-01-06 14:54:13,SKU-006,13.41,1288.17,13
2026-01-11 14:54:13,SKU-089,35.15,17273.49,39
2025-10-05 14:54:13,SKU-270,36.99,13770.36,36
2026-01-01 14:54:13,SKU-046,49.86,3211.72,46
2026-03-18 14:54:13,SKU-340,8.11,184.0,8
2026-05-12 14:54:13,SKU-473,35.72,11890.23,33
2025-12-12 14:54:13,SKU-086,10.34,1227.9,10
2025-12-01 14:54:13,SKU-046,28.18,1885.14,27
2026-03-16 14:54:13,SKU-389,13.76,6144.97,13
2026-07-10 14:54:13,SKU-384,24.94,11855.04,24
2026-06-25 14:54:13,SKU-115,51.44,18354.42,49
2026-02-17 14:54:13,SKU-048,12.68,5751.62,14
2026-06-02 14:54:13,SKU-172,49.5,762.44,49
2026-07-16 14:54:13,SKU-343,11.04,1920.27,11
2026-02-28 14:54:13,SKU-226,9.26,4384.2,10
2026-08-01 14:54:13,SKU-454,25.35,1037.76,24
2025-09-02 14:54:13,SKU-375,28.43,8185.32,27
2026-05-30 14:54:13,SKU-237,6.21,2959.62,6
2025-09-01 14:54:13,SKU-434,38.54,10357.42,41
2025-10-28 14:54:13,SKU-125,24.44,6301.1,26
2026-02-02 14:54:13,SKU-216,37.29,17215.52,38
2026-03-25 14:54:13,SKU-246,44.24,10174.5,42
2025-09-15 14:54:13,SKU-302,10.97,5600.88,12
2026-01-27 14:54:13,SKU-268,38.52,4245.15,39
2025-10-01 14:54:13,SKU-292,32.03,1873.33,31
2026-06-20 14:54:13,SKU-146,23.79,2326.8,24
2026-06-17 14:54:13,SKU-287,40.24,10363.16,41
2026-03-28 14:54:13,SKU-386,15.88,1477.2,15
2026-02-24 14:54:13,SKU-415,2.75,783.66,3
2026-05-08 14:54:13,SKU-203,48.59,21282.3,45
2026-06-09 14:54:13,SKU-138,6.58,806.05,7
2025-11-23 14:54:13,SKU-082,23.66,4564.32,24
2025-09-22 14:54:13,SKU-084,24.18,10385.96,26
2026-06-04 14:54:13,SKU-094,4.8,465.25,5
2026-04-24 14:54:13,SKU-290,18.42,502.17,19
2025-10-10 14:54:13,SKU-148,22.11,3047.73,23
2026-05-15 14:54:13,SKU-324,18.61,558.2,20
2026-07-29 14:54:13,SKU-286,25.48,4178.4,24
2026-03-01 14:54:13,SKU-453,25.59,9516.48,24
2026-03-06 14:54:13,SKU-311,24.11,7339.68,24
2025-09-05 14:54:13,SKU-438,2.01,174.2,2
2026-06-27 14:54:13,SKU-238,51.47,9347.73,49
2026-06-05 14:54:13,SKU-163,30.13,1726.95,29
2025-10-03 14:54:13,SKU-186,37.42,3985.02,39
2025-12-26 14:54:13,SKU-285,39.63,9300.9,42
2025-09-21 14:54:13,SKU-431,28.7,1017.0,30
2025-09-05 14:54:13,SKU-426,0.97,73.46,1
2025-11-24 14:54:13,SKU-122,1.92,368.86,2
2026-03-29 14:54:13,SKU-376,6.83,2879.52,7
2025-09-01 14:54:13,SKU-393,36.39,15084.1,34
2025-10-22 14:54:13,SKU-129,20.18,644.0,20
2026-01-25 14:54:13,SKU-356,41.39,9385.65,45
2026-01-07 14:54:13,SKU-105,19.17,1008.9,18
2026-01-24 14:54:13,SKU-299,8.38,1600.56,9
2025-12-14 14:54:13,SKU-048,44.47,19309.01,47
2026-05-09 14:54:13,SKU-453,1.08,396.52,1
2026-03-09 14:54:13,SKU-487,33.56,14508.81,37
2026-03-16 14:54:13,SKU-192,21.28,10039.7,22
2026-01-18 14:54:13,SKU-445,2.12,565.06,2
2026-02-14 14:54:13,SKU-020,16.24,1810.44,18
2025-12-20 14:54:13,SKU-202,37.47,10439.92,37
2026-04-20 14:54:13,SKU-089,26.1,10629.84,24
2025-10-07 14:54:13,SKU-033,20.1,1078.25,19
2025-12-13 14:54:13,SKU-035,10.99,2413.9,10
2026-02-14 14:54:13,SKU-085,51.63,15875.19,47
2026-07-01 14:54:13,SKU-441,37.84,3596.52,41
2025-09-20 14:54:13,SKU-320,21.1,1905.32,23
2026-04-03 14:54:13,SKU-407,23.38,3646.5,25
2026-01-19 14:54:13,SKU-390,8.62,3814.47,9
2026-03-23 14:54:13,SKU-305,5.48,1306.92,6
2026-01-26 14:54:13,SKU-482,29.35,1202.34,29
2026-04-12 14:54:13,SKU-164,14.29,3065.4,15
2025-09-27 14:54:13,SKU-036,22.55,8038.38,21
2026-03-06 14:54:13,SKU-446,22.45,3008.72,22
2025-11-22 14:54:13,SKU-307,39.8,18717.66,38
2025-12-15 14:54:13,SKU-029,18.32,6414.48,18
2026-04-24 14:54:13,SKU-167,39.41,17213.82,39
2026-02-14 14:54:13,SKU-271,21.5,3619.0,20
2025-09-13 14:54:13,SKU-105,49.23,2578.3,46
2026-03-29 14:54:13,SKU-354,9.61,4130.7,10
2026-07-09 14:54:13,SKU-065,1.04,470.86,1
2026-04-08 14:54:13,SKU-271,30.59,5066.6,28
2025-11-27 14:54:13,SKU-496,39.97,20479.18,43
2025-12-27 14:54:13,SKU-354,26.43,11565.96,28
2026-06-23 14:54:13,SKU-099,32.97,10980.82,31
2025-08-20 14:54:13,SKU-457,7.73,3421.44,8
2026-02-23 14:54:13,SKU-315,5.46,1390.2,6
2025-08-30 14:54:13,SKU-401,47.78,18524.16,48
2025-12-20 14:54:13,SKU-293,39.11,8421.48,36
2026-05-02 14:54:13,SKU-281,21.92,9022.86,22
2026-05-27 14:54:13,SKU-458,45.32,16225.19,43
2026-07-02 14:54:13,SKU-278,1.82,202.68,2
2025-11-24 14:54:13,SKU-032,16.56,6926.72,16
2025-10-21 14:54:13,SKU-245,51.39,5965.44,48
2025-10-02 14:54:13,SKU-015,47.68,7007.44,44
2026-07-01 14:54:13,SKU-046,18.49,1326.58,19
2025-12-27 14:54:13,SKU-379,47.02,19757.64,43
2026-07-14 14:54:13,SKU-277,10.49,1088.0,10
2026-02-27 14:54:13,SKU-414,43.18,15103.18,46
2026-04-14 14:54:13,SKU-042,4.01,1401.76,4
2026-07-10 14:54:13,SKU-326,3.78,1067.8,4
2026-08-04 14:54:13,SKU-368,17.65,3474.12,17
2026-04-08 14:54:13,SKU-179,5.79,187.62,6
2026-01-10 14:54:13,SKU-331,41.03,897.6,40
2026-01-11 14:54:13,SKU-199,23.64,5272.52,22
2025-09-05 14:54:13,SKU-159,42.27,19578.72,42
2025-09-26 14:54:13,SKU-023,12.52,6252.61,13
2026-01-01 14:54:13,SKU-194,9.82,1934.46,9
2026-01-26 14:54:13,SKU-419,13.61,6039.8,13
2026-02-08 14:54:13,SKU-416,36.42,3281.0,34
2025-11-30 14:54:13,SKU-297,1.87,551.86,2
2026-01-25 14:54:13,SKU-438,25.37,2438.8,28
2026-07-06 14:54:13,SKU-193,3.97,856.6,4
2026-07-07 14:54:13,SKU-138,13.18,1612.1,14
2026-01-20 14:54:13,SKU-045,2.06,202.84,2
2026-05-22 14:54:13,SKU-169,19.21,916.56,18
2026-06-16 14:54:13,SKU-270,32.9,11857.81,31
2026-02-12 14:54:13,SKU-170,17.72,5105.16,18
2026-04-20 14:54:13,SKU-447,20.36,5933.51,19
2026-03-21 14:54:13,SKU-136,2.86,597.57,3
2026-03-26 14:54:13,SKU-342,18.02,7605.97,17
2026-02-16 14:54:13,SKU-009,29.5,6177.9,30
2025-12-27 14:54:13,SKU-165,18.86,1636.8,20
2025-11-28 14:54:13,SKU-175,11.56,1390.18,11
2026-01-12 14:54:13,SKU-004,45.02,3520.0,44
2025-11-12 14:54:13,SKU-047,47.22,6306.96,44
2026-03-11 14:54:13,SKU-347,21.51,9750.6,20
2026-03-03 14:54:13,SKU-139,8.79,506.52,9
2025-10-26 14:54:13,SKU-329,49.33,9260.16,48
2025-11-24 14:54:13,SKU-102,13.03,3387.28,13
2026-05-12 14:54:13,SKU-314,26.15,11040.96,24
2025-10-26 14:54:13,SKU-077,29.49,6942.6,28
2026-03-03 14:54:13,SKU-266,9.66,2709.0,9
2025-11-02 14:54:13,SKU-381,15.2,4132.95,15
2026-01-09 14:54:13,SKU-401,27.88,11577.6,30
2026-04-18 14:54:13,SKU-446,42.49,6427.72,47
2026-03-07 14:54:13,SKU-450,34.61,2334.08,32
2025-08-13 14:54:13,SKU-244,12.93,1363.32,12
2025-10-08 14:54:13,SKU-334,50.99,14776.93,49
2025-09-28 14:54:13,SKU-491,36.1,1500.84,33
2025-08-25 14:54:13,SKU-332,17.27,7826.94,18
2026-03-04 14:54:13,SKU-279,29.17,9616.2,30
2026-02-25 14:54:13,SKU-318,14.1,246.3,15
2025-10-13 14:54:13,SKU-046,39.08,2653.16,38
2026-04-13 14:54:13,SKU-249,43.44,12609.52,44
2026-02-16 14:54:13,SKU-223,24.27,3191.75,25
2026-06-19 14:54:13,SKU-088,17.84,9449.27,19
2025-09-12 14:54:13,SKU-020,7.76,804.64,8
2026-07-30 14:54:13,SKU-073,24.74,9880.8,23
2026-07-21 14:54:13,SKU-061,7.45,670.8,8
2025-12-04 14:54:13,SKU-176,14.55,2250.0,15
2025-11-20 14:54:13,SKU-131,15.11,4831.96,14
2026-08-06 14:54:13,SKU-495,19.48,543.24,18
2025-11-29 14:54:13,SKU-049,0.91,13.41,1
2025-12-01 14:54:13,SKU-283,5.27,920.65,5
2026-07-25 14:54:13,SKU-057,15.1,4812.45,15
2025-10-25 14:54:13,SKU-357,28.25,3334.5,30
2026-07-05 14:54:13,SKU-131,39.19,14150.74,41
2025-09-02 14:54:13,SKU-130,20.8,10749.74,23
2025-08-19 14:54:13,SKU-400,11.9,6486.87,13
2026-06-26 14:54:13,SKU-307,17.17,8373.69,17
2026-02-17 14:54:13,SKU-193,9.36,1927.35,9
2025-11-27 14:54:13,SKU-311,13.62,4587.3,15
2026-02-22 14:54:13,SKU-110,29.72,3819.75,33
2025-12-16 14:54:13,SKU-243,39.23,4072.12,41
2026-08-10 14:54:13,SKU-148,47.2,5830.44,44
2025-11-12 14:54:13,SKU-190,40.95,7113.48,44
2026-07-16 14:54:13,SKU-063,26.42,2948.0,25
2025-08-21 14:54:13,SKU-281,8.37,3691.17,9
2025-11-07 14:54:13,SKU-190,36.61,5658.45,35
2025-08-24 14:54:13,SKU-177,0.93,481.98,1
2026-07-04 14:54:13,SKU-443,5.03,365.75,5
2026-01-04 14:54:13,SKU-483,21.95,6882.29,23
2026-01-01 14:54:13,SKU-094,32.7,3070.65,33
2026-04-24 14:54:13,SKU-494,28.14,9043.84,26
2026-03-05 14:54:13,SKU-400,24.88,12973.74,26
2026-05-07 14:54:13,SKU-464,26.86,2615.22,29
2026-07-15 14:54:13,SKU-183,8.0,2540.0,8
2025-10-23 14:54:13,SKU-283,35.15,6444.55,35
2025-09-02 14:54:13,SKU-328,4.38,396.56,4
2026-08-07 14:54:13,SKU-373,27.16,1804.67,29
2025-10-12 14:54:13,SKU-384,34.4,15806.72,32
2026-07-13 14:54:13,SKU-346,37.72,16844.88,39
2026-03-05 14:54:13,SKU-160,12.96,2942.55,13
2026-01-09 14:54:13,SKU-380,46.39,21402.9,45
2026-03-12 14:54:13,SKU-187,13.61,1836.0,15
2025-10-22 14:54:13,SKU-411,27.73,6009.08,28
2025-12-26 14:54:13,SKU-351,39.48,5045.32,37
2026-05-31 14:54:13,SKU-210,42.04,11109.54,39
2026-03-02 14:54:13,SKU-104,15.29,6222.16,14
2025-10-03 14:54:13,SKU-330,19.25,6511.2,20
2025-10-07 14:54:13,SKU-135,38.91,11371.35,41
2026-04-20 14:54:13,SKU-496,40.75,18574.14,39
2025-12-07 14:54:13,SKU-037,2.94,798.42,3
2026-03-11 14:54:13,SKU-463,40.02,8096.71,37
2026-04-06 14:54:13,SKU-324,8.12,251.19,9
2025-11-10 14:54:13,SKU-381,24.87,6337.19,23
2026-01-25 14:54:13,SKU-317,46.5,8253.08,44
2026-03-16 14:54:13,SKU-435,31.59,12422.7,30
2025-10-06 14:54:13,SKU-278,45.17,4357.62,43
2025-11-08 14:54:13,SKU-242,8.27,1636.88,8
2026-05-25 14:54:13,SKU-359,23.05,6693.5,22
2026-08-10 14:54:13,SKU-313,9.87,2143.71,9
2026-05-06 14:54:13,SKU-393,3.09,1330.95,3
2026-06-26 14:54:13,SKU-277,29.54,3372.8,31
2026-01-20 14:54:13,SKU-480,15.76,4613.7,15
2026-08-10 14:54:13,SKU-262,21.49,2262.96,21
2025-11-01 14:54:13,SKU-436,31.28,14308.8,33
2025-12-06 14:54:13,SKU-469,32.44,16409.08,34
2026-01-04 14:54:13,SKU-078,41.44,5155.27,43
2026-04-11 14:54:13,SKU-390,9.15,3814.47,9
2025-09-05 14:54:13,SKU-354,18.47,7435.26,18
2025-10-22 14:54:13,SKU-435,29.13,13250.88,32
2026-02-13 14:54:13,SKU-184,6.31,2750.82,6
2026-07-20 14:54:13,SKU-186,13.83,1328.34,13
2026-05-12 14:54:13,SKU-051,22.05,2982.21,21
2026-05-17 14:54:13,SKU-211,28.4,7776.08,26
2025-10-31 14:54:13,SKU-238,43.1,8393.88,44
2026-05-10 14:54:13,SKU-413,3.93,494.08,4
2025-12-11 14:54:13,SKU-061,28.92,2431.65,29
2026-06-29 14:54:13,SKU-409,43.95,5496.18,47
2026-02-24 14:54:13,SKU-089,28.16,11515.66,26
2025-11-07 14:54:13,SKU-027,18.02,837.54,18
2026-04-07 14:54:13,SKU-189,42.02,13731.9,39
2026-06-03 14:54:13,SKU-196,38.97,9079.06,37
2025-09-17 14:54:13,SKU-008,18.5,404.7,19
2026-08-04 14:54:13,SKU-474,9.17,2418.7,10
2026-01-26 14:54:13,SKU-177,17.8,9157.62,19
2026-03-21 14:54:13,SKU-375,7.36,2122.12,7
2026-04-17 14:54:13,SKU-180,38.66,17954.43,39
2025-09-27 14:54:13,SKU-023,45.08,21643.65,45
2026-01-26 14:54:13,SKU-038,33.15,8109.72,36
2026-06-19 14:54:13,SKU-325,18.49,2619.36,17
2025-09-26 14:54:13,SKU-475,14.23,6534.45,15
2026-08-10 14:54:13,SKU-395,28.05,7119.32,26
2026-03-19 14:54:13,SKU-280,9.08,3958.47,9
2025-09-25 14:54:13,SKU-113,18.22,8731.26,18
2026-07-25 14:54:13,SKU-417,35.46,3952.65,39
2026-02-13 14:54:13,SKU-329,30.18,5980.52,31
2026-05-07 14:54:13,SKU-249,24.67,7164.5,25
2026-03-04 14:54:13,SKU-024,44.35,6862.08,48
2026-05-17 14:54:13,SKU-114,28.76,10790.28,27
2025-11-09 14:54:13,SKU-222,41.83,6672.51,39
2025-10-14 14:54:13,SKU-282,4.28,630.72,4
2026-04-02 14:54:13,SKU-257,49.72,22311.84,46
2026-02-13 14:54:13,SKU-074,15.47,870.91,17
2026-03-16 14:54:13,SKU-111,52.08,20284.32,48
2025-12-27 14:54:13,SKU-265,10.32,5133.59,11
2026-02-24 14:54:13,SKU-118,12.55,1126.45,13
2026-05-30 14:54:13,SKU-287,42.76,11879.72,47
2025-12-16 14:54:13,SKU-500,50.72,18933.95,47
2026-05-29 14:54:13,SKU-442,32.91,13990.4,32
2025-09-27 14:54:13,SKU-455,10.75,3877.8,10
2025-10-09 14:54:13,SKU-414,13.67,4268.29,13
2026-05-26 14:54:13,SKU-239,34.58,1540.9,38
2025-10-08 14:54:13,SKU-461,28.69,9654.68,28
2026-06-03 14:54:13,SKU-383,32.14,13579.5,30
2026-07-04 14:54:13,SKU-048,53.39,20130.67,49
2026-05-05 14:54:13,SKU-065,5.46,2354.3,5
2025-11-07 14:54:13,SKU-390,1.0,423.83,1
2026-04-01 14:54:13,SKU-160,2.8,679.05,3
2025-08-12 14:54:13,SKU-316,8.33,2287.8,9
2025-10-10 14:54:13,SKU-444,17.58,6363.44,17
2025-12-19 14:54:13,SKU-444,41.26,16095.76,43
2026-02-04 14:54:13,SKU-452,40.45,11839.26,37
2026-07-12 14:54:13,SKU-271,10.7,1990.45,11
2026-05-17 14:54:13,SKU-230,16.5,409.28,16
2025-11-06 14:54:13,SKU-065,25.76,11300.64,24
2025-11-07 14:54:13,SKU-204,29.14,3673.6,28
2026-06-13 14:54:13,SKU-094,28.31,2512.35,27
2026-02-12 14:54:13,SKU-061,29.07,2599.35,31
2025-09-11 14:54:13,SKU-302,34.31,14935.68,32
2026-03-25 14:54:13,SKU-237,50.53,22690.42,46
2025-12-23 14:54:13,SKU-080,3.81,758.28,4
2026-01-16 14:54:13,SKU-247,11.98,3607.12,11
2026-06-16 14:54:13,SKU-292,17.04,1027.31,17
2026-03-25 14:54:13,SKU-414,41.98,13461.53,41
2025-09-22 14:54:13,SKU-117,52.23,10098.72,48
2026-06-08 14:54:13,SKU-037,44.23,13040.86,49
2026-07-12 14:54:13,SKU-336,19.61,2660.91,21
2026-01-04 14:54:13,SKU-228,18.52,2034.73,17
2025-10-07 14:54:13,SKU-150,27.74,3548.72,28
2026-06-28 14:54:13,SKU-356,17.79,3545.69,17
2025-12-25 14:54:13,SKU-085,13.04,4391.01,13
2025-08-12 14:54:13,SKU-464,43.12,3787.56,42
2025-12-14 14:54:13,SKU-427,40.31,20087.34,42
2026-02-21 14:54:13,SKU-337,29.42,3874.5,30
2025-08-17 14:54:13,SKU-275,9.33,4175.64,9
2025-11-22 14:54:13,SKU-054,24.14,3463.46,22
2026-04-25 14:54:13,SKU-087,10.52,241.01,11
2025-10-29 14:54:13,SKU-462,10.53,1584.88,11
2026-05-24 14:54:13,SKU-384,50.98,23710.08,48
2026-03-04 14:54:13,SKU-047,29.34,4013.52,28
2026-05-12 14:54:13,SKU-464,18.34,1533.06,17
2025-11-25 14:54:13,SKU-134,47.05,15935.29,49
2025-11-13 14:54:13,SKU-337,12.17,1549.8,12
2026-04-21 14:54:13,SKU-374,5.09,1061.35,5
2026-01-21 14:54:13,SKU-059,3.28,573.39,3
2025-10-06 14:54:13,SKU-183,15.6,5397.5,17
2026-06-17 14:54:13,SKU-452,42.79,14399.1,45
2025-08-31 14:54:13,SKU-021,19.31,4146.84,18
2025-12-01 14:54:13,SKU-067,40.62,4947.8,44
2026-03-30 14:54:13,SKU-320,15.57,1242.6,15
2025-12-04 14:54:13,SKU-028,4.02,429.48,4
2025-10-23 14:54:13,SKU-108,50.65,1364.41,47
2026-05-11 14:54:13,SKU-023,0.99,480.97,1
2025-10-08 14:54:13,SKU-186,47.02,4495.92,44
2026-05-30 14:54:13,SKU-067,17.96,2136.55,19
2025-11-18 14:54:13,SKU-417,29.81,2939.15,29
2026-04-08 14:54:13,SKU-388,14.71,1461.18,14
2026-02-02 14:54:13,SKU-417,3.21,304.05,3
2026-01-08 14:54:13,SKU-233,4.12,670.32,4
2026-03-21 14:54:13,SKU-171,22.65,9536.31,21
2026-03-25 14:54:13,SKU-122,38.79,7008.34,38
2025-09-08 14:54:13,SKU-489,45.03,23192.62,47
2026-04-11 14:54:13,SKU-451,20.89,4214.2,19
2026-07-10 14:54:13,SKU-278,53.06,4965.66,49
2025-09-23 14:54:13,SKU-142,16.18,2369.76,16
2025-10-04 14:54:13,SKU-486,39.51,13320.52,38
2026-05-22 14:54:13,SKU-161,4.54,1779.3,5
2025-09-10 14:54:13,SKU-080,25.41,4739.25,25
2026-03-03 14:54:13,SKU-353,9.28,3487.0,10
2025-10-26 14:54:13,SKU-041,2.76,328.5,3
2025-11-05 14:54:13,SKU-052,44.13,9354.6,45
2026-04-15 14:54:13,SKU-225,5.46,495.6,5
2026-07-03 14:54:13,SKU-061,25.72,2012.4,24
2026-02-15 14:54:13,SKU-493,23.32,1115.5,23
2025-11-14 14:54:13,SKU-402,7.01,1715.63,7
2025-12-13 14:54:13,SKU-113,7.85,3880.56,8
2025-12-09 14:54:13,SKU-132,5.29,2174.65,5
2026-05-19 14:54:13,SKU-122,0.98,184.43,1
2026-01-18 14:54:13,SKU-054,30.93,5195.19,33
2026-01-30 14:54:13,SKU-016,26.57,8977.02,26
2026-05-24 14:54:13,SKU-062,39.81,18085.2,42
2026-07-05 14:54:13,SKU-234,2.89,737.28,3
2025-12-25 14:54:13,SKU-218,42.51,18167.52,42
2026-04-09 14:54:13,SKU-472,14.81,1514.52,14
2026-04-09 14:54:13,SKU-226,25.66,10522.08,24
2026-02-25 14:54:13,SKU-386,44.01,4727.04,48
2025-11-07 14:54:13,SKU-147,43.7,23281.45,47
2025-11-03 14:54:13,SKU-417,36.63,3952.65,39
2026-06-04 14:54:13,SKU-072,36.21,5426.05,37
2026-04-25 14:54:13,SKU-473,19.35,6845.89,19
2026-03-31 14:54:13,SKU-490,45.88,7541.1,42
2025-11-07 14:54:13,SKU-017,41.36,9600.32,38
2025-11-05 14:54:13,SKU-084,17.67,7190.28,18
2026-05-01 14:54:13,SKU-228,17.44,2034.73,17
2025-12-09 14:54:13,SKU-493,33.28,1600.5,33
2026-07-18 14:54:13,SKU-004,27.67,2080.0,26
2026-07-31 14:54:13,SKU-110,34.14,4282.75,37
2025-09-10 14:54:13,SKU-289,11.62,4277.04,12
2025-09-11 14:54:13,SKU-328,39.77,3767.32,38
2025-08-29 14:54:13,SKU-482,20.49,829.2,20
2025-08-20 14:54:13,SKU-033,14.43,908.0,16
2025-10-17 14:54:13,SKU-190,29.34,4365.09,27
2026-07-12 14:54:13,SKU-427,34.13,15782.91,33
2026-05-15 14:54:13,SKU-149,9.32,1981.89,9
2026-05-10 14:54:13,SKU-283,45.54,8101.72,44
2026-03-06 14:54:13,SKU-008,19.17,383.4,18
2025-08-11 14:54:13,SKU-033,11.26,681.0,12
2025-08-15 14:54:13,SKU-439,17.26,6722.24,16
2026-06-27 14:54:13,SKU-338,20.18,8982.44,19
2025-09-04 14:54:13,SKU-136,4.8,995.95,5
2026-07-14 14:54:13,SKU-467,33.51,14753.52,31
2026-03-29 14:54:13,SKU-146,16.87,1551.2,16
2025-09-17 14:54:13,SKU-495,38.63,1237.38,41
2026-06-25 14:54:13,SKU-235,51.86,540.96,48
2026-01-07 14:54:13,SKU-038,15.83,3604.32,16
2025-10-25 14:54:13,SKU-144,18.45,7479.32,17
2026-07-21 14:54:13,SKU-347,13.94,6337.89,13
2026-05-05 14:54:13,SKU-261,42.88,4167.65,41
2026-03-12 14:54:13,SKU-033,40.88,2497.0,44
2025-09-08 14:54:13,SKU-210,39.6,11109.54,39
2025-08-27 14:54:13,SKU-173,36.63,12684.72,34
2025-12-30 14:54:13,SKU-197,2.73,903.36,3
2026-04-09 14:54:13,SKU-094,41.66,4187.25,45
2025-10-03 14:54:13,SKU-411,9.9,2146.1,10
2025-09-20 14:54:13,SKU-272,33.02,14178.0,34
2026-06-23 14:54:13,SKU-229,22.83,3939.98,22
2025-11-18 14:54:13,SKU-215,47.23,9907.8,49
2026-02-04 14:54:13,SKU-258,22.3,5510.34,22
2025-10-08 14:54:13,SKU-136,1.05,199.19,1
2025-11-13 14:54:13,SKU-260,42.17,6034.79,41
2026-03-14 14:54:13,SKU-007,4.8,795.4,5
2025-10-22 14:54:13,SKU-030,5.73,2327.52,6
2026-03-11 14:54:13,SKU-208,2.13,529.9,2
2026-03-05 14:54:13,SKU-293,13.7,3041.09,13
2025-09-26 14:54:13,SKU-493,50.36,2231.0,46
2026-01-11 14:54:13,SKU-210,10.5,2848.6,10
2026-04-28 14:54:13,SKU-157,12.39,4413.89,13
2025-12-19 14:54:13,SKU-488,3.02,184.26,3
2025-08-25 14:54:13,SKU-163,41.92,2382.0,40
2026-08-04 14:54:13,SKU-030,18.89,6982.56,18
2026-06-22 14:54:13,SKU-497,39.66,17067.7,38
2026-07-06 14:54:13,SKU-413,30.13,3458.56,28
2026-04-26 14:54:13,SKU-147,36.59,17832.6,36
2026-04-02 14:54:13,SKU-481,46.71,12762.9,45
2025-11-02 14:54:13,SKU-164,14.29,2656.68,13
2025-10-27 14:54:13,SKU-485,27.33,9272.34,27
2026-07-15 14:54:13,SKU-104,42.36,20888.68,47
2026-03-09 14:54:13,SKU-478,33.11,14160.8,31
2025-10-26 14:54:13,SKU-053,13.82,6742.4,14
2026-06-16 14:54:13,SKU-302,9.14,4667.4,10
2026-05-16 14:54:13,SKU-165,28.05,2209.68,27
2026-08-10 14:54:13,SKU-450,11.84,948.22,13
2025-08-29 14:54:13,SKU-124,0.9,56.14,1
2025-09-19 14:54:13,SKU-022,34.93,11512.86,38
2026-03-07 14:54:13,SKU-075,45.64,12665.22,43
2026-06-30 14:54:13,SKU-086,9.9,1350.69,11
2026-07-12 14:54:13,SKU-346,31.83,13389.52,31
2025-11-08 14:54:13,SKU-469,19.63,9169.78,19
2025-09-03 14:54:13,SKU-270,49.67,18360.48,48
2026-03-21 14:54:13,SKU-056,31.22,6765.12,32
2026-05-18 14:54:13,SKU-450,39.72,3209.36,44
2026-04-16 14:54:13,SKU-298,12.45,2152.68,12
2026-04-22 14:54:13,SKU-233,28.11,4692.24,28
2026-06-23 14:54:13,SKU-170,43.81,13046.52,46
2025-08-28 14:54:13,SKU-445,6.07,1695.18,6
2025-08-25 14:54:13,SKU-080,44.04,9099.36,48
2026-06-05 14:54:13,SKU-119,7.17,2334.5,7
2025-10-04 14:54:13,SKU-288,13.57,6485.31,13
2025-09-08 14:54:13,SKU-318,20.9,361.24,22
2025-08-15 14:54:13,SKU-048,31.68,14379.05,35
2025-11-19 14:54:13,SKU-467,7.35,3331.44,7
2025-12-29 14:54:13,SKU-173,9.91,3730.8,10
2026-03-26 14:54:13,SKU-328,25.69,2478.5,25
2025-09-19 14:54:13,SKU-431,6.98,237.3,7
2026-06-08 14:54:13,SKU-211,22.0,6579.76,22
2026-04-24 14:54:13,SKU-021,18.1,4377.22,19
2026-04-27 14:54:13,SKU-033,43.28,2383.5,42
2026-03-25 14:54:13,SKU-308,30.45,4837.0,28
2026-06-19 14:54:13,SKU-439,41.24,18486.16,44
2026-01-01 14:54:13,SKU-481,23.78,6806.88,24
2026-07-09 14:54:13,SKU-234,43.38,11550.72,47
2026-01-16 14:54:13,SKU-357,26.59,3112.2,28
2025-09-23 14:54:13,SKU-018,24.41,3693.6,27
2026-03-29 14:54:13,SKU-377,50.13,17169.6,49
2026-03-23 14:54:13,SKU-402,23.65,6127.25,25
2025-10-08 14:54:13,SKU-357,2.18,222.3,2
2026-04-02 14:54:13,SKU-445,44.13,12148.79,43
2026-03-24 14:54:13,SKU-018,40.68,5335.2,39
2026-04-12 14:54:13,SKU-054,37.5,5510.05,35
2026-05-04 14:54:13,SKU-035,44.53,10621.16,44
2026-01-17 14:54:13,SKU-025,19.65,9659.6,20
2026-01-23 14:54:13,SKU-388,46.58,4905.39,47
2025-11-04 14:54:13,SKU-229,16.9,3044.53,17
2026-06-24 14:54:13,SKU-105,34.58,1961.75,35
2025-09-22 14:54:13,SKU-163,2.07,119.1,2
2026-04-23 14:54:13,SKU-205,14.51,7639.84,16
2026-01-21 14:54:13,SKU-301,39.39,12694.01,41
2026-05-08 14:54:13,SKU-233,40.1,6703.2,40
2026-02-20 14:54:13,SKU-165,41.25,3437.28,42
2026-03-30 14:54:13,SKU-333,44.13,4869.57,41
2026-03-21 14:54:13,SKU-378,14.45,2990.08,16
2026-02-11 14:54:13,SKU-184,5.85,2750.82,6
2026-02-28 14:54:13,SKU-364,19.74,976.86,18
2025-12-23 14:54:13,SKU-457,8.44,3421.44,8
2025-09-20 14:54:13,SKU-135,43.14,11094.0,40
2025-11-28 14:54:13,SKU-194,29.89,6233.26,29
2025-08-14 14:54:13,SKU-436,5.46,2601.6,6
2025-08-27 14:54:13,SKU-395,25.86,6571.68,24
2026-03-03 14:54:13,SKU-031,32.97,6497.75,35
2026-01-03 14:54:13,SKU-107,46.83,20285.2,47
2026-04-08 14:54:13,SKU-318,39.16,673.22,41
2026-01-30 14:54:13,SKU-163,37.44,2084.25,35
2026-08-03 14:54:13,SKU-381,8.82,2479.77,9
2026-06-14 14:54:13,SKU-021,35.54,8063.3,35
2026-07-15 14:54:13,SKU-307,24.39,11329.11,23
2026-02-19 14:54:13,SKU-428,26.86,11793.14,29
2026-03-13 14:54:13,SKU-409,27.96,3274.32,28
2026-02-10 14:54:13,SKU-235,39.77,428.26,38
2026-04-24 14:54:13,SKU-015,6.3,1114.82,7
2026-02-27 14:54:13,SKU-096,28.69,8390.57,29
2026-04-02 14:54:13,SKU-429,28.48,10737.25,29
2026-07-03 14:54:13,SKU-481,13.13,3403.44,12
2025-09-30 14:54:13,SKU-374,16.19,3608.59,17
2026-01-12 14:54:13,SKU-129,43.19,1513.4,47
2025-12-30 14:54:13,SKU-468,37.94,13259.52,36
2025-10-28 14:54:13,SKU-109,5.93,1020.36,6
2025-12-15 14:54:13,SKU-019,13.22,2838.29,13
2026-03-05 14:54:13,SKU-454,14.55,691.84,16
2026-05-03 14:54:13,SKU-240,38.62,14741.14,41
2026-04-03 14:54:13,SKU-401,46.12,17366.4,45
2026-06-17 14:54:13,SKU-494,18.16,6608.96,19
2026-01-04 14:54:13,SKU-164,6.41,1430.52,7
2025-09-17 14:54:13,SKU-367,3.2,466.77,3
2025-11-13 14:54:13,SKU-208,30.8,7418.6,28
2026-04-17 14:54:13,SKU-171,7.12,3178.77,7
2026-04-11 14:54:13,SKU-024,38.75,5575.44,39
2026-06-06 14:54:13,SKU-093,4.53,517.75,5
2025-09-08 14:54:13,SKU-158,28.27,10344.62,26
2026-03-20 14:54:13,SKU-293,27.11,7017.9,30
2026-06-05 14:54:13,SKU-122,6.52,1291.01,7
2026-07-05 14:54:13,SKU-377,42.9,14366.4,41
2025-12-15 14:54:13,SKU-463,4.71,1094.15,5
2025-08-18 14:54:13,SKU-091,31.61,8987.2,32
2026-05-06 14:54:13,SKU-394,28.73,10589.06,29
2026-05-01 14:54:13,SKU-438,26.89,2525.9,29
2026-01-06 14:54:13,SKU-414,12.26,3939.96,12
2026-02-20 14:54:13,SKU-178,34.87,16498.16,34
2026-02-22 14:54:13,SKU-435,24.88,9524.07,23
2026-01-10 14:54:13,SKU-212,28.82,9698.7,30
2026-03-19 14:54:13,SKU-139,18.44,956.76,17
2026-05-16 14:54:13,SKU-249,51.08,13755.84,48
2025-11-06 14:54:13,SKU-002,28.15,2679.95,31
2026-04-27 14:54:13,SKU-078,50.34,5874.61,49
2026-04-03 14:54:13,SKU-163,7.96,476.4,8
2025-12-26 14:54:13,SKU-031,47.47,8168.6,44
2026-05-16 14:54:13,SKU-202,2.9,846.48,3
2025-09-08 14:54:13,SKU-458,38.79,15470.53,41
2026-01-19 14:54:13,SKU-430,33.38,7126.94,37
2025-10-20 14:54:13,SKU-125,5.47,1454.1,6
2026-04-10 14:54:13,SKU-364,44.47,2279.34,42
2025-08-31 14:54:13,SKU-473,48.55,16574.26,46
2025-08-20 14:54:13,SKU-344,29.55,8079.48,27
2026-02-18 14:54:13,SKU-145,27.07,10496.46,26
2025-10-11 14:54:13,SKU-033,38.54,2099.75,37
2026-02-19 14:54:13,SKU-035,8.34,1931.12,8
2025-11-01 14:54:13,SKU-249,26.03,7164.5,25
2025-08-22 14:54:13,SKU-319,13.71,1264.12,13
2026-07-02 14:54:13,SKU-435,7.58,3312.72,8
2025-11-04 14:54:13,SKU-473,30.02,10088.68,28
2026-02-06 14:54:13,SKU-324,4.36,111.64,4
2025-08-31 14:54:13,SKU-251,34.43,11384.9,37
2026-04-30 14:54:13,SKU-066,52.14,16713.41,49
2026-04-17 14:54:13,SKU-340,22.7,529.0,23
2026-05-19 14:54:13,SKU-290,2.07,52.86,2
2025-09-20 14:54:13,SKU-087,22.24,482.02,22
2026-07-11 14:54:13,SKU-380,9.74,4756.2,10
2026-02-11 14:54:13,SKU-093,22.36,2381.65,23
2026-05-02 14:54:13,SKU-444,38.83,13475.52,36
2025-09-27 14:54:13,SKU-292,32.44,1994.19,33
2025-10-23 14:54:13,SKU-326,17.23,4271.2,16
2025-10-26 14:54:13,SKU-406,15.14,5769.92,16
2026-04-29 14:54:13,SKU-221,26.17,12745.72,26
2026-04-26 14:54:13,SKU-477,9.38,4004.3,10
2026-06-27 14:54:13,SKU-254,45.64,18356.7,43
2026-07-21 14:54:13,SKU-332,8.73,3478.64,8
2025-12-03 14:54:13,SKU-156,37.74,5532.12,36
2026-06-12 14:54:13,SKU-245,12.95,1739.92,14
2025-09-21 14:54:13,SKU-438,16.94,1480.7,17
2025-08-29 14:54:13,SKU-324,2.09,55.82,2
2026-06-16 14:54:13,SKU-403,26.47,9661.25,25
2025-11-03 14:54:13,SKU-407,12.07,1604.46,11
2026-05-18 14:54:13,SKU-324,29.49,893.12,32
2026-03-16 14:54:13,SKU-123,34.08,6390.72,36
2026-03-02 14:54:13,SKU-393,2.02,887.3,2
2026-02-23 14:54:13,SKU-446,20.08,3008.72,22
2026-04-20 14:54:13,SKU-324,9.34,251.19,9
2025-12-26 14:54:13,SKU-411,14.78,3433.76,16
2025-10-10 14:54:13,SKU-234,9.75,2457.6,10
2026-02-17 14:54:13,SKU-113,44.67,22798.29,47
2025-12-20 14:54:13,SKU-307,43.17,19702.8,40
2026-02-05 14:54:13,SKU-288,36.48,17460.45,35
2025-10-19 14:54:13,SKU-420,44.53,4094.03,43
2026-02-07 14:54:13,SKU-059,17.58,3631.47,19
2026-06-03 14:54:13,SKU-095,16.58,7968.24,17
2025-10-03 14:54:13,SKU-103,32.15,12435.96,31
2026-07-25 14:54:13,SKU-355,1.06,292.49,1
2026-05-19 14:54:13,SKU-274,37.92,4418.0,40
2025-12-22 14:54:13,SKU-119,0.95,333.5,1
2026-07-17 14:54:13,SKU-051,22.05,3408.24,24
2026-02-18 14:54:13,SKU-183,39.29,13652.5,43
2026-06-18 14:54:13,SKU-373,11.16,746.76,12
2025-08-27 14:54:13,SKU-071,9.04,4512.0,10
2026-05-10 14:54:13,SKU-326,34.19,9877.15,37
2026-04-08 14:54:13,SKU-218,16.82,6920.96,16
2026-03-14 14:54:13,SKU-205,14.61,7639.84,16
2025-09-14 14:54:13,SKU-390,35.88,13986.39,33
2026-02-28 14:54:13,SKU-013,39.01,1549.56,37
2025-08-11 14:54:13,SKU-465,24.03,3905.0,25
2025-12-16 14:54:13,SKU-266,21.92,6020.0,20
2026-01-22 14:54:13,SKU-080,29.34,5497.53,29
2026-06-10 14:54:13,SKU-401,18.42,7718.4,20
2026-04-06 14:54:13,SKU-211,12.54,3588.96,12
2025-10-07 14:54:13,SKU-317,31.26,6377.38,34
2026-05-08 14:54:13,SKU-035,0.93,241.39,1
2026-04-01 14:54:13,SKU-025,15.27,7244.7,15
2026-02-06 14:54:13,SKU-390,14.44,6357.45,15
2025-12-09 14:54:13,SKU-071,26.74,13084.8,29
2026-05-25 14:54:13,SKU-352,4.6,374.1,5
2026-05-11 14:54:13,SKU-086,36.47,4297.65,35
2026-02-10 14:54:13,SKU-114,25.11,9591.36,24
2025-10-03 14:54:13,SKU-318,15.51,246.3,15
2026-05-30 14:54:13,SKU-293,33.6,8655.41,37
2026-02-06 14:54:13,SKU-291,24.94,5797.15,23
2026-05-11 14:54:13,SKU-222,35.37,6159.24,36
2026-06-10 14:54:13,SKU-154,37.45,2189.2,40
2026-06-19 14:54:13,SKU-135,8.47,2218.8,8
2025-12-14 14:54:13,SKU-056,30.85,6553.71,31
2026-02-02 14:54:13,SKU-140,32.96,10270.3,31
2025-10-23 14:54:13,SKU-447,39.82,12179.31,39
2026-06-10 14:54:13,SKU-357,42.61,4557.15,41
2025-12-10 14:54:13,SKU-182,13.99,1280.3,14
2026-02-28 14:54:13,SKU-029,29.12,10334.44,29
2026-07-06 14:54:13,SKU-176,17.23,2850.0,19
2025-12-25 14:54:13,SKU-273,40.74,3190.95,45
2026-05-02 14:54:13,SKU-429,7.52,2591.75,7
2025-12-22 14:54:13,SKU-231,10.18,2593.58,11
2026-04-17 14:54:13,SKU-061,38.43,3521.7,42
2025-11-03 14:54:13,SKU-255,9.87,2670.1,10
2025-11-10 14:54:13,SKU-164,22.51,4904.64,24
2026-04-19 14:54:13,SKU-253,12.79,1514.88,12
2026-01-25 14:54:13,SKU-381,1.88,551.06,2
2026-08-04 14:54:13,SKU-301,39.98,13003.62,42
2026-07-18 14:54:13,SKU-128,43.47,14653.19,47
2026-06-06 14:54:13,SKU-257,20.59,10670.88,22
2026-03-06 14:54:13,SKU-275,32.82,14382.76,31
2026-01-27 14:54:13,SKU-343,18.5,3142.26,18
2026-01-03 14:54:13,SKU-314,2.94,1380.12,3
2026-06-17 14:54:13,SKU-343,26.23,4364.25,25
2025-10-12 14:54:13,SKU-492,24.87,11945.88,27
2026-05-17 14:54:13,SKU-473,8.07,2882.48,8
2025-11-12 14:54:13,SKU-421,19.66,7249.26,19
2026-08-01 14:54:13,SKU-152,39.72,17952.4,40
2026-04-21 14:54:13,SKU-062,5.91,2583.6,6
2026-08-10 14:54:13,SKU-245,44.4,5219.76,42
2025-10-21 14:54:13,SKU-260,23.93,3532.56,24
2026-07-17 14:54:13,SKU-370,27.67,7841.34,26
2026-01-30 14:54:13,SKU-428,24.44,10979.82,27
2025-09-10 14:54:13,SKU-218,50.99,20762.88,48
2025-10-21 14:54:13,SKU-108,6.44,203.21,7
2026-05-09 14:54:13,SKU-309,45.87,8421.98,43
2026-04-23 14:54:13,SKU-074,15.97,870.91,17
2026-04-02 14:54:13,SKU-326,41.25,10944.95,41
2025-10-08 14:54:13,SKU-454,27.5,1081.0,25
2025-10-29 14:54:13,SKU-024,6.15,857.76,6
2026-07-24 14:54:13,SKU-388,41.56,3966.06,38
2025-10-20 14:54:13,SKU-337,20.08,2841.3,22
2026-06-14 14:54:13,SKU-221,30.36,15196.82,31
2025-11-17 14:54:13,SKU-207,28.76,5565.0,30
2026-05-20 14:54:13,SKU-139,24.36,1350.72,24
2026-04-10 14:54:13,SKU-072,17.37,2639.7,18
2026-07-19 14:54:13,SKU-472,12.79,1298.16,12
2025-11-10 14:54:13,SKU-415,24.09,5746.84,22
2025-10-26 14:54:13,SKU-192,24.85,11408.75,25
2025-12-23 14:54:13,SKU-238,41.31,8584.65,45
2025-11-01 14:54:13,SKU-019,33.66,7859.88,36
2026-04-18 14:54:13,SKU-112,36.65,11604.24,36
2026-06-10 14:54:13,SKU-221,5.0,2451.1,5
2025-09-24 14:54:13,SKU-170,25.25,7374.12,26
2025-12-22 14:54:13,SKU-157,6.89,2376.71,7
2025-09-17 14:54:13,SKU-018,0.97,136.8,1
2026-06-09 14:54:13,SKU-300,34.67,2979.9,35
2025-11-08 14:54:13,SKU-316,8.11,2033.6,8
2025-12-19 14:54:13,SKU-208,32.46,8478.4,32
2026-04-19 14:54:13,SKU-142,34.61,4739.52,32
2025-12-11 14:54:13,SKU-454,34.33,1556.64,36
2025-08-15 14:54:13,SKU-379,12.5,5973.24,13
2026-03-03 14:54:13,SKU-257,10.0,5335.44,11
2025-09-11 14:54:13,SKU-409,23.62,2806.56,24
2026-03-26 14:54:13,SKU-493,27.91,1309.5,27
2026-06-24 14:54:13,SKU-207,25.42,5008.5,27
2026-07-24 14:54:13,SKU-105,23.8,1401.25,25
2026-03-23 14:54:13,SKU-044,50.46,20102.92,46
2025-12-30 14:54:13,SKU-176,1.06,150.0,1
2026-03-05 14:54:13,SKU-135,24.65,6656.4,24
2025-10-04 14:54:13,SKU-243,14.16,1291.16,13
2025-08-25 14:54:13,SKU-056,37.4,7399.35,35
2025-08-18 14:54:13,SKU-144,31.68,12758.84,29
2025-09-19 14:54:13,SKU-223,49.32,6255.83,49
2026-02-13 14:54:13,SKU-270,27.61,11475.3,30
2026-01-12 14:54:13,SKU-383,45.07,21274.55,47
2026-06-17 14:54:13,SKU-390,29.85,13986.39,33
2025-08-22 14:54:13,SKU-272,18.68,8340.0,20
2025-11-11 14:54:13,SKU-232,27.51,2192.7,30
2026-06-09 14:54:13,SKU-353,26.12,10112.3,29
2025-08-19 14:54:13,SKU-077,26.07,5950.8,24
2026-07-23 14:54:13,SKU-013,40.8,1842.72,44
2025-10-25 14:54:13,SKU-200,38.23,601.2,36
2026-04-12 14:54:13,SKU-488,31.13,1781.18,29
2026-04-11 14:54:13,SKU-257,37.36,16491.36,34
2026-01-18 14:54:13,SKU-277,6.33,761.6,7
2026-06-13 14:54:13,SKU-259,15.33,5430.6,15
2026-04-13 14:54:13,SKU-464,30.11,2615.22,29
2026-05-10 14:54:13,SKU-262,24.06,2370.72,22
2026-07-17 14:54:13,SKU-337,11.47,1420.65,11
2025-09-18 14:54:13,SKU-170,4.65,1418.1,5
2025-10-06 14:54:13,SKU-381,22.78,5786.13,21
2025-08-25 14:54:13,SKU-404,4.66,1857.1,5
2025-10-11 14:54:13,SKU-332,21.68,9131.43,21
2025-09-05 14:54:13,SKU-455,37.99,16286.76,42
2025-08-14 14:54:13,SKU-457,21.76,8981.28,21
2025-09-04 14:54:13,SKU-488,35.84,2395.38,39
2025-09-22 14:54:13,SKU-419,41.63,19048.6,41
2025-11-10 14:54:13,SKU-042,15.09,4906.16,14
2025-09-13 14:54:13,SKU-084,12.39,4793.52,12
2026-02-23 14:54:13,SKU-404,40.31,14113.96,38
2026-03-30 14:54:13,SKU-235,6.77,78.89,7
2025-10-01 14:54:13,SKU-464,14.62,1352.7,15
2026-03-19 14:54:13,SKU-396,48.13,13934.36,44
2026-08-08 14:54:13,SKU-349,48.15,12129.46,49
2026-06-04 14:54:13,SKU-014,44.55,21259.04,44
2025-10-12 14:54:13,SKU-234,4.22,983.04,4
2025-11-23 14:54:13,SKU-093,9.28,931.95,9
2026-06-14 14:54:13,SKU-120,41.22,20548.84,43
2026-04-27 14:54:13,SKU-373,4.81,311.15,5
2026-03-18 14:54:13,SKU-255,15.82,4272.16,16
2026-04-22 14:54:13,SKU-478,1.91,913.6,2
2026-01-06 14:54:13,SKU-242,6.21,1227.66,6
2025-11-26 14:54:13,SKU-338,4.79,2363.8,5
2025-09-05 14:54:13,SKU-156,18.97,2766.06,18
2025-11-18 14:54:13,SKU-329,30.77,5980.52,31
2026-06-17 14:54:13,SKU-063,24.27,2712.16,23
2026-07-01 14:54:13,SKU-105,15.51,840.75,15
2026-04-26 14:54:13,SKU-211,37.26,11365.04,38
2025-09-24 14:54:13,SKU-159,45.39,20977.2,45
2026-02-19 14:54:13,SKU-165,8.76,736.56,9
2026-05-19 14:54:13,SKU-065,32.57,14596.66,31
2026-05-03 14:54:13,SKU-030,7.92,3103.36,8
2025-11-23 14:54:13,SKU-320,10.75,828.4,10
2025-11-05 14:54:13,SKU-047,1.01,143.34,1
2025-10-21 14:54:13,SKU-147,41.48,18823.3,38
2025-09-08 14:54:13,SKU-027,15.43,697.95,15
2025-10-09 14:54:13,SKU-253,43.71,5428.32,43
2026-01-03 14:54:13,SKU-259,36.04,12309.36,34
2026-06-22 14:54:13,SKU-089,24.87,11515.66,26
2026-04-13 14:54:13,SKU-275,44.56,21806.12,47
2026-01-23 14:54:13,SKU-477,43.1,18019.35,45
2025-12-16 14:54:13,SKU-107,3.27,1294.8,3
2025-12-31 14:54:13,SKU-475,11.23,4791.93,11
2026-05-17 14:54:13,SKU-251,12.79,4000.1,13
2025-08-23 14:54:13,SKU-132,9.07,3914.37,9
2025-12-08 14:54:13,SKU-098,40.16,6217.85,37
2025-10-09 14:54:13,SKU-001,12.36,1198.56,12
2026-02-12 14:54:13,SKU-044,44.0,19228.88,44
2026-01-19 14:54:13,SKU-226,24.74,10960.5,25
2026-01-01 14:54:13,SKU-448,10.76,3195.9,10
2026-05-12 14:54:13,SKU-035,8.74,1931.12,8
2026-01-23 14:54:13,SKU-451,27.13,6432.2,29
2026-03-08 14:54:13,SKU-023,41.99,22124.62,46
2026-05-03 14:54:13,SKU-026,46.98,6826.28,47
2025-10-16 14:54:13,SKU-322,6.54,1432.83,7
2025-10-23 14:54:13,SKU-031,19.8,3527.35,19
2026-01-04 14:54:13,SKU-156,39.99,5685.79,37
2026-07-09 14:54:13,SKU-269,40.22,5795.11,43
2026-06-12 14:54:13,SKU-399,27.53,7537.04,28
2025-11-19 14:54:13,SKU-022,36.57,11815.83,39
2026-01-27 14:54:13,SKU-300,42.33,3405.6,40
2026-01-13 14:54:13,SKU-130,9.01,4673.8,10
2025-10-16 14:54:13,SKU-090,7.13,3339.07,7
2026-07-08 14:54:13,SKU-468,34.72,12891.2,35
2026-05-03 14:54:13,SKU-233,21.22,3686.76,22
2026-03-12 14:54:13,SKU-441,44.04,3859.68,44
2026-02-18 14:54:13,SKU-091,15.52,4212.75,15
2025-11-19 14:54:13,SKU-363,34.04,16310.82,34
2026-04-17 14:54:13,SKU-482,47.3,1990.08,48
2025-09-12 14:54:13,SKU-362,45.69,9539.2,44
2026-07-21 14:54:13,SKU-165,34.66,2946.24,36
2026-05-24 14:54:13,SKU-405,43.02,10515.12,44
2026-01-29 14:54:13,SKU-204,12.3,1574.4,12
2026-04-11 14:54:13,SKU-433,23.31,1135.2,24
2025-08-23 14:54:13,SKU-188,28.31,5037.39,27
2026-05-13 14:54:13,SKU-256,7.65,3989.28,8
2026-05-21 14:54:13,SKU-078,1.83,239.78,2
2025-08-23 14:54:13,SKU-008,20.11,447.3,21
2025-09-02 14:54:13,SKU-291,45.37,11594.3,46
2025-10-10 14:54:13,SKU-130,12.01,5608.56,12
2026-07-01 14:54:13,SKU-308,3.26,518.25,3
2025-08-12 14:54:13,SKU-339,41.33,720.28,44
2026-07-10 14:54:13,SKU-465,30.56,4373.6,28
2025-10-16 14:54:13,SKU-458,35.17,13583.88,36
2026-06-10 14:54:13,SKU-191,35.25,13475.28,39
2026-01-15 14:54:13,SKU-021,26.62,6450.64,28
2026-04-02 14:54:13,SKU-372,20.11,3823.16,22
2025-10-26 14:54:13,SKU-165,20.57,1718.64,21
2025-09-26 14:54:13,SKU-401,22.46,8104.32,21
2025-10-03 14:54:13,SKU-059,21.61,4204.86,22
2026-06-15 14:54:13,SKU-006,17.52,1585.44,16
2026-01-31 14:54:13,SKU-073,42.17,17184.0,40
2026-08-07 14:54:13,SKU-447,32.15,9368.7,30
2025-10-02 14:54:13,SKU-026,44.42,6535.8,45
2026-05-16 14:54:13,SKU-303,43.95,16679.88,42
2026-03-25 14:54:13,SKU-309,30.99,6267.52,32
2026-05-10 14:54:13,SKU-016,29.7,11048.64,32
2026-04-23 14:54:13,SKU-224,19.61,4709.2,20
2025-11-29 14:54:13,SKU-194,16.66,3868.92,18
2026-03-19 14:54:13,SKU-093,18.97,1967.45,19
2026-08-09 14:54:13,SKU-262,42.84,4202.64,39
2025-11-06 14:54:13,SKU-110,19.66,2315.0,20
2026-06-02 14:54:13,SKU-133,31.44,9927.32,34
2026-02-25 14:54:13,SKU-301,14.68,4953.76,16
2025-10-27 14:54:13,SKU-078,45.36,5275.16,44
2026-05-13 14:54:13,SKU-300,45.66,4001.58,47
2026-04-07 14:54:13,SKU-160,2.84,679.05,3
2026-03-12 14:54:13,SKU-024,5.55,857.76,6
2026-03-13 14:54:13,SKU-104,36.49,16888.72,38
2026-05-25 14:54:13,SKU-203,45.31,21282.3,45
2026-06-15 14:54:13,SKU-216,12.37,5436.48,12
2026-06-24 14:54:13,SKU-166,19.6,2237.04,18
2026-07-09 14:54:13,SKU-103,43.36,16046.4,40
2026-01-26 14:54:13,SKU-305,13.92,2831.66,13
2025-12-13 14:54:13,SKU-478,22.91,11420.0,25
2025-08-15 14:54:13,SKU-100,19.05,7725.21,19
2025-12-09 14:54:13,SKU-254,29.09,13660.8,32
2026-02-03 14:54:13,SKU-037,21.99,5855.08,22
2026-05-02 14:54:13,SKU-145,23.91,9689.04,24
2025-12-07 14:54:13,SKU-046,33.78,2583.34,37
2026-03-31 14:54:13,SKU-220,30.03,11603.1,30
2026-05-19 14:54:13,SKU-250,42.27,7014.0,40
2025-08-24 14:54:13,SKU-046,20.66,1466.22,21
2025-09-07 14:54:13,SKU-003,28.13,6815.87,29
2026-07-09 14:54:13,SKU-419,12.41,5575.2,12
2026-07-07 14:54:13,SKU-389,10.11,5199.59,11
2026-06-09 14:54:13,SKU-234,28.95,7618.56,31
2025-12-01 14:54:13,SKU-334,44.49,13570.65,45
2025-11-15 14:54:13,SKU-289,15.93,5346.3,15
2026-03-28 14:54:13,SKU-442,6.24,2623.2,6
2026-04-27 14:54:13,SKU-399,3.92,1076.72,4
2025-11-13 14:54:13,SKU-475,30.71,13940.16,32
2025-08-19 14:54:13,SKU-372,37.33,7124.98,41
2025-11-05 14:54:13,SKU-161,22.86,7473.06,21
2025-12-29 14:54:13,SKU-441,4.2,350.88,4
2025-09-27 14:54:13,SKU-371,14.39,3545.08,14
2025-12-28 14:54:13,SKU-136,38.11,8166.79,41
2026-04-25 14:54:13,SKU-050,36.22,9902.8,40
2026-04-01 14:54:13,SKU-134,42.65,13008.4,40
2026-03-15 14:54:13,SKU-337,32.66,4132.8,32
2026-01-04 14:54:13,SKU-013,44.24,1842.72,44
2026-06-21 14:54:13,SKU-095,38.13,17342.64,37
2026-04-17 14:54:13,SKU-166,23.43,2858.44,23
2026-05-16 14:54:13,SKU-473,42.09,15493.33,43
2025-11-21 14:54:13,SKU-356,31.33,7091.38,34
2026-06-12 14:54:13,SKU-294,36.5,10981.2,40
2025-11-22 14:54:13,SKU-008,31.77,702.9,33
2026-03-26 14:54:13,SKU-463,33.7,7659.05,35
2025-09-19 14:54:13,SKU-343,48.28,7855.65,45
2025-12-21 14:54:13,SKU-086,34.02,3806.49,31
2026-06-24 14:54:13,SKU-084,27.09,11584.34,29
2026-04-30 14:54:13,SKU-354,36.78,15696.66,38
2026-03-24 14:54:13,SKU-068,42.52,5123.58,42
2026-02-04 14:54:13,SKU-448,44.97,13422.78,42
2025-08-25 14:54:13,SKU-252,31.86,15295.09,31
2026-04-17 14:54:13,SKU-107,26.38,10790.0,25
2025-12-25 14:54:13,SKU-113,48.68,23283.36,48
2026-07-19 14:54:13,SKU-363,50.75,23506.77,49
2026-06-27 14:54:13,SKU-271,28.59,5428.5,30
2025-11-18 14:54:13,SKU-289,22.82,7841.24,22
2026-01-30 14:54:13,SKU-392,45.23,12243.39,43
2026-03-06 14:54:13,SKU-376,10.11,4113.6,10
2025-08-22 14:54:13,SKU-256,30.23,15458.46,31
2025-11-14 14:54:13,SKU-172,16.86,264.52,17
2026-02-05 14:54:13,SKU-413,3.98,494.08,4
2026-06-25 14:54:13,SKU-272,13.08,5004.0,12
2026-05-10 14:54:13,SKU-109,36.86,6802.4,40
2025-10-28 14:54:13,SKU-058,12.54,2997.96,12
2026-03-05 14:54:13,SKU-121,34.4,7330.4,34
2025-08-30 14:54:13,SKU-496,9.0,4286.34,9
2026-01-18 14:54:13,SKU-215,41.25,7683.6,38
2025-10-06 14:54:13,SKU-145,17.3,7670.49,19
2026-02-13 14:54:13,SKU-269,6.38,808.62,6
2025-12-26 14:54:13,SKU-110,20.41,2199.25,19
2025-10-17 14:54:13,SKU-087,18.41,438.2,20
2025-10-06 14:54:13,SKU-219,34.44,2790.38,34
2025-10-11 14:54:13,SKU-166,6.48,869.96,7
2026-02-04 14:54:13,SKU-199,24.67,6231.16,26
2026-05-02 14:54:13,SKU-019,20.08,4366.6,20
2026-04-13 14:54:13,SKU-306,17.69,7880.01,17
2025-08-20 14:54:13,SKU-396,0.93,316.69,1
2026-01-06 14:54:13,SKU-264,21.67,8496.62,22
2026-01-29 14:54:13,SKU-432,8.15,1061.01,9
2026-07-26 14:54:13,SKU-026,30.54,4066.72,28
2026-05-01 14:54:13,SKU-034,9.62,2997.4,10
2026-04-09 14:54:13,SKU-363,15.39,6716.22,14
2025-10-30 14:54:13,SKU-143,19.59,6325.2,18
2025-10-11 14:54:13,SKU-407,43.25,6709.56,46
2025-10-02 14:54:13,SKU-295,25.32,8733.6,24
2025-10-29 14:54:13,SKU-476,14.97,6783.04,16
2026-02-20 14:54:13,SKU-326,14.12,3470.35,13
2026-05-27 14:54:13,SKU-265,17.86,7933.73,17
2026-07-18 14:54:13,SKU-165,25.16,1964.16,24
2026-05-05 14:54:13,SKU-432,20.91,2711.47,23
2025-12-29 14:54:13,SKU-353,24.13,8020.1,23
2026-03-25 14:54:13,SKU-429,0.99,370.25,1
2025-12-06 14:54:13,SKU-493,5.3,242.5,5
2025-08-31 14:54:13,SKU-243,23.68,2383.68,24
2026-05-14 14:54:13,SKU-146,10.4,969.5,10
2025-12-04 14:54:13,SKU-111,23.09,9719.57,23
2025-12-08 14:54:13,SKU-162,6.35,2298.84,6
2026-01-24 14:54:13,SKU-099,39.38,14877.24,42
2025-08-12 14:54:13,SKU-464,22.29,2164.32,24
2026-07-02 14:54:13,SKU-065,4.99,2354.3,5
2026-04-14 14:54:13,SKU-316,30.76,7371.8,29
2025-11-30 14:54:13,SKU-431,1.02,33.9,1
2025-10-11 14:54:13,SKU-344,48.28,13166.56,44
2025-10-04 14:54:13,SKU-136,41.81,8764.36,44
2026-03-20 14:54:13,SKU-253,30.94,3787.2,30
2026-01-17 14:54:13,SKU-429,1.08,370.25,1
2025-12-26 14:54:13,SKU-267,48.97,13383.36,48
2025-10-04 14:54:13,SKU-248,19.0,5463.6,20
2025-12-21 14:54:13,SKU-068,23.82,2805.77,23
2026-01-31 14:54:13,SKU-138,28.29,3224.2,28
2026-02-09 14:54:13,SKU-154,47.82,2627.04,48
2026-08-05 14:54:13,SKU-402,9.4,2450.9,10
2025-08-31 14:54:13,SKU-069,24.64,6315.6,24
2025-11-13 14:54:13,SKU-488,37.42,2518.22,41
2026-06-28 14:54:13,SKU-258,39.34,9768.33,39
2026-01-19 14:54:13,SKU-236,44.67,2159.22,42
2026-01-30 14:54:13,SKU-068,40.71,5367.56,44
2025-09-26 14:54:13,SKU-170,4.82,1418.1,5
2026-05-30 14:54:13,SKU-124,36.78,1908.76,34
2026-05-12 14:54:13,SKU-402,13.63,3431.26,14
2026-07-31 14:54:13,SKU-188,27.71,5410.53,29
2025-11-25 14:54:13,SKU-379,7.63,3675.84,8
2025-12-23 14:54:13,SKU-309,49.27,9009.56,46
2025-10-11 14:54:13,SKU-028,44.05,4616.91,43
2025-08-13 14:54:13,SKU-020,35.02,3721.46,37
2025-12-24 14:54:13,SKU-307,11.72,6403.41,13
2025-10-22 14:54:13,SKU-193,28.94,6638.65,31
2026-03-07 14:54:13,SKU-154,33.72,1860.82,34
2025-12-03 14:54:13,SKU-120,11.7,6212.44,13
2026-04-24 14:54:13,SKU-333,26.66,2969.25,25
2026-03-26 14:54:13,SKU-260,10.62,1471.9,10
2025-12-22 14:54:13,SKU-126,28.77,6774.03,27
2026-02-02 14:54:13,SKU-318,3.0,49.26,3
2026-07-27 14:54:13,SKU-074,14.83,768.45,15
2025-11-30 14:54:13,SKU-398,15.21,6108.9,14
2025-10-16 14:54:13,SKU-110,23.28,2546.5,22
2026-07-01 14:54:13,SKU-460,10.88,4125.4,10
2026-07-31 14:54:13,SKU-397,32.62,14066.24,32
2025-09-03 14:54:13,SKU-486,37.88,12268.9,35
2025-11-27 14:54:13,SKU-168,40.42,13201.32,44
2026-02-22 14:54:13,SKU-355,31.62,9652.17,33
2026-02-08 14:54:13,SKU-420,46.68,4094.03,43
2025-08-21 14:54:13,SKU-268,5.94,653.1,6
2026-06-03 14:54:13,SKU-219,24.88,2051.75,25
2025-11-02 14:54:13,SKU-003,26.45,6580.84,28
2025-11-25 14:54:13,SKU-195,36.15,1286.4,40
2026-07-28 14:54:13,SKU-395,28.03,7393.14,27
2025-08-23 14:54:13,SKU-240,22.87,7909.88,22
2026-01-03 14:54:13,SKU-214,30.93,5635.49,31
2025-09-16 14:54:13,SKU-110,21.14,2430.75,21
2026-03-30 14:54:13,SKU-347,21.84,11213.19,23
2025-09-09 14:54:13,SKU-124,24.66,1459.64,26
2025-09-06 14:54:13,SKU-083,23.81,11177.5,25
2026-03-13 14:54:13,SKU-372,29.04,5039.62,29
2026-05-03 14:54:13,SKU-259,14.04,5430.6,15
2025-12-16 14:54:13,SKU-401,18.23,7332.48,19
2026-07-01 14:54:13,SKU-133,13.21,4087.72,14
2025-10-18 14:54:13,SKU-072,7.23,1026.55,7
2026-07-10 14:54:13,SKU-439,39.3,15545.18,37
2025-09-27 14:54:13,SKU-132,15.38,7393.81,17
2026-07-12 14:54:13,SKU-326,29.08,7741.55,29
2026-04-07 14:54:13,SKU-357,51.32,5335.2,48
2025-08-14 14:54:13,SKU-036,43.71,16842.32,44
2026-03-26 14:54:13,SKU-255,49.22,12015.45,45
2026-05-14 14:54:13,SKU-255,17.44,4272.16,16
2025-10-18 14:54:13,SKU-441,6.36,526.32,6
2025-09-15 14:54:13,SKU-304,32.97,12801.03,33
2025-10-21 14:54:13,SKU-027,34.63,1721.61,37
2026-05-19 14:54:13,SKU-384,2.09,987.92,2
2026-04-30 14:54:13,SKU-017,41.01,10863.52,43
2026-05-31 14:54:13,SKU-293,33.33,7485.76,32
2026-06-04 14:54:13,SKU-409,22.08,2806.56,24
2026-06-25 14:54:13,SKU-440,18.52,5835.59,17
2025-09-06 14:54:13,SKU-429,18.42,6664.5,18
2026-06-28 14:54:13,SKU-272,4.93,2085.0,5
2025-12-06 14:54:13,SKU-219,18.62,1395.19,17
2026-04-30 14:54:13,SKU-115,15.13,5244.12,14
2025-11-29 14:54:13,SKU-207,49.5,8718.5,47
2026-07-23 14:54:13,SKU-043,26.9,9161.97,29
2026-03-19 14:54:13,SKU-229,29.91,5730.88,32
2025-10-19 14:54:13,SKU-070,44.56,22915.36,46
2025-11-07 14:54:13,SKU-056,9.47,1902.69,9
2026-02-02 14:54:13,SKU-218,43.9,18600.08,43
2025-12-17 14:54:13,SKU-480,15.7,4921.28,16
2026-03-16 14:54:13,SKU-459,43.01,15262.0,40
2026-07-22 14:54:13,SKU-257,29.15,13581.12,28
2026-02-13 14:54:13,SKU-329,41.18,8488.48,44
2026-06-04 14:54:13,SKU-250,24.91,4734.45,27
2026-05-31 14:54:13,SKU-025,19.71,10142.58,21
2025-10-09 14:54:13,SKU-252,20.15,9374.41,19
2025-10-02 14:54:13,SKU-066,32.74,10914.88,32
2026-02-02 14:54:13,SKU-476,36.6,16533.66,39
2025-11-22 14:54:13,SKU-367,13.72,2022.67,13
2026-05-19 14:54:13,SKU-463,12.47,2625.96,12
2026-03-08 14:54:13,SKU-110,43.18,5208.75,45
2025-12-03 14:54:13,SKU-049,29.63,362.07,27
2026-06-27 14:54:13,SKU-167,7.05,3089.66,7
2025-08-17 14:54:13,SKU-500,8.5,3222.8,8
2025-12-26 14:54:13,SKU-493,6.4,339.5,7
2025-11-19 14:54:13,SKU-254,29.36,13233.9,31
2026-04-15 14:54:13,SKU-091,21.06,6178.7,22
2025-08-14 14:54:13,SKU-126,24.13,6021.36,24
2026-04-26 14:54:13,SKU-211,28.84,8075.16,27
2025-10-30 14:54:13,SKU-191,28.94,10711.12,31
2026-07-26 14:54:13,SKU-470,49.34,11109.77,49
2026-07-19 14:54:13,SKU-309,34.86,7442.68,38
2025-08-30 14:54:13,SKU-310,44.68,5425.77,49
2025-09-08 14:54:13,SKU-135,43.88,13312.8,48
2026-04-25 14:54:13,SKU-003,14.85,3760.48,16
2026-06-07 14:54:13,SKU-134,7.59,2276.47,7
2025-09-11 14:54:13,SKU-455,53.75,19001.22,49
2026-06-22 14:54:13,SKU-025,22.45,10142.58,21
2026-05-13 14:54:13,SKU-314,32.46,15641.36,34
2025-10-06 14:54:13,SKU-444,12.1,4117.52,11
2026-07-18 14:54:13,SKU-368,38.45,7561.32,37
2026-06-10 14:54:13,SKU-252,44.84,23682.72,48
2026-02-17 14:54:13,SKU-418,12.79,536.76,14
2026-07-16 14:54:13,SKU-382,11.82,4965.09,13
2026-01-17 14:54:13,SKU-105,24.1,1457.3,26
2026-02-06 14:54:13,SKU-014,38.79,17393.76,36
2026-01-07 14:54:13,SKU-214,15.0,2908.64,16
2026-04-20 14:54:13,SKU-444,9.76,3743.2,10
2026-03-17 14:54:13,SKU-021,18.67,3916.46,17
2026-04-01 14:54:13,SKU-498,23.5,922.22,26
2025-12-20 14:54:13,SKU-449,3.97,57.8,4
2025-08-19 14:54:13,SKU-497,32.55,13474.5,30
2026-07-01 14:54:13,SKU-004,43.74,3600.0,45
2025-10-21 14:54:13,SKU-022,51.69,14542.56,48
2026-03-28 14:54:13,SKU-444,45.71,16095.76,43
2026-04-30 14:54:13,SKU-208,0.96,264.95,1
2026-02-01 14:54:13,SKU-301,2.87,928.83,3
2026-07-05 14:54:13,SKU-266,13.66,3913.0,13
2026-07-19 14:54:13,SKU-438,42.35,4093.7,47
2025-08-26 14:54:13,SKU-199,41.1,9586.4,40
2026-04-06 14:54:13,SKU-276,4.67,392.45,5
2026-04-21 14:54:13,SKU-220,5.08,1933.85,5
2025-11-25 14:54:13,SKU-358,38.72,5429.19,39
2026-04-18 14:54:13,SKU-168,19.62,5400.54,18
2025-08-22 14:54:13,SKU-366,16.59,3132.76,17
2025-08-17 14:54:13,SKU-294,14.31,3843.42,14
2026-08-02 14:54:13,SKU-102,44.39,11464.64,44
2025-09-27 14:54:13,SKU-077,18.71,4463.1,18
2025-11-02 14:54:13,SKU-209,10.28,1608.1,10
2025-12-04 14:54:13,SKU-482,41.92,1741.32,42
2026-08-04 14:54:13,SKU-047,25.84,3870.18,27
2026-07-24 14:54:13,SKU-218,14.02,5623.28,13
2025-08-12 14:54:13,SKU-156,35.95,5685.79,37
2025-10-07 14:54:13,SKU-290,42.55,1189.35,45
2026-05-26 14:54:13,SKU-075,11.3,3239.94,11
2026-05-02 14:54:13,SKU-255,35.66,10413.39,39
2026-01-21 14:54:13,SKU-221,30.66,15687.04,32
2026-01-29 14:54:13,SKU-220,16.36,6961.86,18
2026-03-13 14:54:13,SKU-389,21.78,10399.18,22
2026-06-02 14:54:13,SKU-332,17.54,8261.77,19
2026-01-03 14:54:13,SKU-451,32.6,6654.0,30
2025-11-11 14:54:13,SKU-005,30.41,16013.58,33
2025-11-24 14:54:13,SKU-094,5.29,465.25,5
2025-10-28 14:54:13,SKU-314,18.29,9200.8,20
2026-05-05 14:54:13,SKU-159,21.68,9789.36,21
2026-04-03 14:54:13,SKU-091,26.63,7302.1,26
2026-08-01 14:54:13,SKU-474,39.92,9674.8,40
2025-12-02 14:54:13,SKU-271,0.92,180.95,1
2025-10-14 14:54:13,SKU-258,32.16,7764.57,31
2026-08-07 14:54:13,SKU-150,16.77,2281.32,18
2025-08-20 14:54:13,SKU-286,33.05,6093.5,35
2025-12-22 14:54:13,SKU-085,2.79,1013.31,3
2025-08-28 14:54:13,SKU-213,24.05,10860.96,24
2026-05-15 14:54:13,SKU-068,25.4,2927.76,24
2025-10-15 14:54:13,SKU-074,37.8,2049.2,40
2026-07-13 14:54:13,SKU-274,36.2,4197.1,38
2026-05-23 14:54:13,SKU-366,20.34,3869.88,21
2025-11-25 14:54:13,SKU-376,14.06,5347.68,13
2026-06-01 14:54:13,SKU-196,22.42,5889.12,24
2025-10-10 14:54:13,SKU-290,43.25,1083.63,41
2025-09-30 14:54:13,SKU-306,40.85,18077.67,39
2025-09-24 14:54:13,SKU-369,23.54,3414.24,24
2025-11-25 14:54:13,SKU-375,29.61,8185.32,27
2026-08-02 14:54:13,SKU-337,35.46,4907.7,38
2025-09-18 14:54:13,SKU-280,20.07,9236.43,21
2026-02-02 14:54:13,SKU-115,12.71,4869.54,13
2026-01-20 14:54:13,SKU-416,19.36,1833.5,19
2026-07-13 14:54:13,SKU-470,3.91,906.92,4
2025-10-13 14:54:13,SKU-275,38.39,17166.52,37
2026-07-07 14:54:13,SKU-066,43.08,15349.05,45
2026-04-26 14:54:13,SKU-067,34.34,4273.1,38
2026-02-04 14:54:13,SKU-467,34.89,16657.2,35
2026-06-02 14:54:13,SKU-017,9.19,2526.4,10
2026-04-29 14:54:13,SKU-407,2.07,291.72,2
2025-09-14 14:54:13,SKU-376,53.77,20156.64,49
2025-10-02 14:54:13,SKU-221,35.43,18138.14,37
2025-10-25 14:54:13,SKU-392,45.8,13097.58,46
2025-12-05 14:54:13,SKU-463,24.3,5251.92,24
2026-04-19 14:54:13,SKU-234,40.11,9584.64,39
2025-08-16 14:54:13,SKU-322,20.58,4298.49,21
2026-03-31 14:54:13,SKU-036,23.07,9186.72,24
2025-09-23 14:54:13,SKU-206,27.43,3294.81,27
2025-11-11 14:54:13,SKU-470,18.83,4307.87,19
2025-11-01 14:54:13,SKU-493,13.39,630.5,13
2025-08-31 14:54:13,SKU-470,36.58,8162.28,36
2025-11-26 14:54:13,SKU-175,30.52,3791.4,30
2025-09-29 14:54:13,SKU-404,31.05,11514.02,31
2025-12-20 14:54:13,SKU-337,14.9,1808.1,14
2025-08-13 14:54:13,SKU-013,25.8,1088.88,26
2026-02-01 14:54:13,SKU-224,2.71,706.38,3
2026-04-08 14:54:13,SKU-408,34.57,2227.4,35
2026-06-12 14:54:13,SKU-397,13.8,6153.98,14
2026-02-05 14:54:13,SKU-003,40.18,9401.2,40
2026-04-02 14:54:13,SKU-307,1.06,492.57,1
2025-12-04 14:54:13,SKU-417,11.91,1114.85,11
2025-11-04 14:54:13,SKU-142,14.41,2369.76,16
2026-04-05 14:54:13,SKU-497,10.0,4491.5,10
2025-08-28 14:54:13,SKU-494,23.58,7652.48,22
2025-12-16 14:54:13,SKU-230,37.17,1023.2,40
2026-08-02 14:54:13,SKU-178,5.66,2911.44,6
2026-07-03 14:54:13,SKU-036,36.93,13780.08,36
2025-08-24 14:54:13,SKU-300,44.66,3831.3,45
2026-04-28 14:54:13,SKU-050,7.42,1980.56,8
2026-04-19 14:54:13,SKU-378,24.26,4485.12,24
2026-04-29 14:54:13,SKU-026,14.8,2323.84,16
2025-10-24 14:54:13,SKU-268,3.21,326.55,3
2026-03-27 14:54:13,SKU-448,5.91,1917.54,6
2026-03-13 14:54:13,SKU-080,38.86,8151.51,43
2025-12-14 14:54:13,SKU-255,7.88,2136.08,8
2026-01-29 14:54:13,SKU-204,32.14,4067.2,31
2026-02-17 14:54:13,SKU-336,40.73,5321.82,42
2026-03-03 14:54:13,SKU-334,44.55,12364.37,41
2026-04-09 14:54:13,SKU-165,3.87,327.36,4
2025-09-23 14:54:13,SKU-122,2.83,553.29,3
2026-06-24 14:54:13,SKU-204,0.91,131.2,1
2026-04-16 14:54:13,SKU-009,8.1,1853.37,9
2025-12-28 14:54:13,SKU-393,42.9,18189.65,41
2026-05-04 14:54:13,SKU-331,8.21,179.52,8
2026-02-07 14:54:13,SKU-134,19.07,6504.2,20
2025-12-01 14:54:13,SKU-072,41.03,6305.95,43
2025-12-08 14:54:13,SKU-117,19.13,3997.41,19
2026-06-02 14:54:13,SKU-210,15.39,3988.04,14
2026-08-01 14:54:13,SKU-245,18.38,2112.76,17
2026-06-20 14:54:13,SKU-393,21.75,8873.0,20
2025-09-29 14:54:13,SKU-348,20.64,8711.0,20
2025-09-06 14:54:13,SKU-373,8.0,497.84,8
2025-12-25 14:54:13,SKU-273,20.07,1418.2,20
2025-09-11 14:54:13,SKU-322,44.89,9211.05,45
2026-01-23 14:54:13,SKU-084,1.09,399.46,1
2025-10-12 14:54:13,SKU-261,38.01,3557.75,35
2026-02-27 14:54:13,SKU-334,32.83,9047.1,30
2026-03-15 14:54:13,SKU-114,3.94,1598.56,4
2025-12-23 14:54:13,SKU-483,42.79,12567.66,42
2025-09-22 14:54:13,SKU-498,37.16,1276.92,36
2025-10-21 14:54:13,SKU-210,33.77,9115.52,32
2026-01-22 14:54:13,SKU-106,24.22,1977.31,23
2025-10-16 14:54:13,SKU-153,25.29,398.06,26
2025-10-28 14:54:13,SKU-228,33.42,3830.08,32
2026-04-13 14:54:13,SKU-469,17.58,7721.92,16
2025-12-04 14:54:13,SKU-157,18.27,6111.54,18
2026-04-07 14:54:13,SKU-016,1.96,690.54,2
2026-05-21 14:54:13,SKU-103,1.02,401.16,1
2025-11-18 14:54:13,SKU-278,42.83,4661.64,46
2025-11-04 14:54:13,SKU-400,35.18,15967.68,32
2026-02-12 14:54:13,SKU-079,44.11,5807.5,46
2025-10-25 14:54:13,SKU-063,1.06,117.92,1
2025-12-16 14:54:13,SKU-361,28.82,6025.6,28
2026-01-11 14:54:13,SKU-342,12.18,5368.92,12
2025-10-28 14:54:13,SKU-047,40.81,5446.92,38
2025-12-15 14:54:13,SKU-130,41.89,21032.1,45
2026-08-02 14:54:13,SKU-485,33.39,11332.86,33
2026-04-11 14:54:13,SKU-262,27.0,2801.76,26
2025-09-16 14:54:13,SKU-489,13.54,6908.44,14
2026-07-09 14:54:13,SKU-231,12.15,3065.14,13
2025-08-28 14:54:13,SKU-348,19.3,8275.45,19
2026-02-20 14:54:13,SKU-470,12.99,2947.49,13
2026-05-26 14:54:13,SKU-220,24.26,9282.48,24
2025-11-22 14:54:13,SKU-465,34.43,5310.8,34
2026-07-01 14:54:13,SKU-214,43.73,8725.92,48
2025-12-29 14:54:13,SKU-080,24.85,4928.82,26
2025-10-12 14:54:13,SKU-423,46.04,13109.76,48
2026-07-10 14:54:13,SKU-061,19.09,1509.3,18
2025-10-29 14:54:13,SKU-466,17.5,5291.36,16
2026-05-19 14:54:13,SKU-221,30.03,13726.16,28
2025-08-19 14:54:13,SKU-164,46.75,9604.92,47
2026-04-12 14:54:13,SKU-076,31.31,15587.2,32
2025-10-06 14:54:13,SKU-250,16.26,2805.6,16
2025-10-05 14:54:13,SKU-480,24.88,7074.34,23
2026-01-15 14:54:13,SKU-166,32.39,4225.52,34
2026-05-10 14:54:13,SKU-108,14.8,435.45,15
2026-03-03 14:54:13,SKU-160,18.99,4753.35,21
2026-04-20 14:54:13,SKU-353,24.8,9414.9,27
2026-07-30 14:54:13,SKU-156,48.76,7222.49,47
2025-11-26 14:54:13,SKU-048,30.38,13557.39,33
2026-03-08 14:54:13,SKU-128,25.08,7170.71,23
2026-03-16 14:54:13,SKU-471,30.72,5014.8,30
2025-09-18 14:54:13,SKU-080,50.39,9099.36,48
2026-07-25 14:54:13,SKU-337,28.88,4132.8,32
2026-05-06 14:54:13,SKU-116,19.01,2006.4,20
2025-10-17 14:54:13,SKU-053,34.08,16374.4,34
2026-04-16 14:54:13,SKU-386,51.02,4628.56,47
2025-09-26 14:54:13,SKU-179,24.71,813.02,26
2026-03-10 14:54:13,SKU-092,11.53,4707.67,11
2026-06-03 14:54:13,SKU-445,19.33,5368.07,19
2025-12-22 14:54:13,SKU-433,10.1,473.0,10
2025-09-07 14:54:13,SKU-422,29.33,11473.28,28
2026-06-23 14:54:13,SKU-370,42.65,13873.14,46
2026-02-28 14:54:13,SKU-075,45.85,12665.22,43
2026-03-29 14:54:13,SKU-015,40.53,6529.66,41
2026-07-30 14:54:13,SKU-404,34.23,12999.7,35
2026-05-24 14:54:13,SKU-470,21.27,5214.79,23
2026-07-16 14:54:13,SKU-280,37.53,17153.37,39
2026-01-04 14:54:13,SKU-423,45.31,13109.76,48
2025-09-26 14:54:13,SKU-175,42.13,5813.48,46
2026-07-26 14:54:13,SKU-419,16.9,7898.2,17
2026-05-10 14:54:13,SKU-029,15.8,6058.12,17
2026-06-12 14:54:13,SKU-441,35.15,3245.64,37
2026-02-09 14:54:13,SKU-295,30.93,11644.8,32
2025-08-24 14:54:13,SKU-037,26.87,7185.78,27
2026-07-05 14:54:13,SKU-159,39.09,17714.08,38
2025-10-17 14:54:13,SKU-044,50.52,20976.96,48
2025-12-20 14:54:13,SKU-022,18.45,5150.49,17
2026-05-04 14:54:13,SKU-443,27.99,2267.65,31
2025-10-05 14:54:13,SKU-246,37.46,9205.5,38
2025-11-12 14:54:13,SKU-110,9.35,1157.5,10
2026-03-29 14:54:13,SKU-136,8.15,1593.52,8
2026-05-27 14:54:13,SKU-375,17.32,4850.56,16
2026-03-02 14:54:13,SKU-087,25.39,591.57,27
2026-04-08 14:54:13,SKU-480,29.04,8304.66,27
2026-04-23 14:54:13,SKU-109,36.03,5611.98,33
2025-11-25 14:54:13,SKU-083,4.79,2235.5,5
2026-04-04 14:54:13,SKU-286,8.03,1392.8,8
2025-11-26 14:54:13,SKU-081,0.94,160.95,1
2026-07-27 14:54:13,SKU-346,7.95,3455.36,8
2026-02-26 14:54:13,SKU-302,31.68,16335.9,35
2025-08-14 14:54:13,SKU-307,17.23,7881.12,16
2025-12-21 14:54:13,SKU-179,37.09,1156.99,37
2026-05-27 14:54:13,SKU-164,42.19,9196.2,45
2026-07-21 14:54:13,SKU-310,16.34,1993.14,18
2026-06-12 14:54:13,SKU-309,8.32,1566.88,8
2025-12-29 14:54:13,SKU-173,16.58,5969.28,16
2025-08-30 14:54:13,SKU-269,2.16,269.54,2
2026-01-22 14:54:13,SKU-147,5.76,2972.1,6
2026-04-10 14:54:13,SKU-342,36.68,17448.99,39
2026-04-30 14:54:13,SKU-283,2.86,552.39,3
2026-04-01 14:54:13,SKU-258,16.18,4007.52,16
2025-09-03 14:54:13,SKU-463,15.8,3282.45,15
2026-03-04 14:54:13,SKU-182,6.26,548.7,6
2026-05-13 14:54:13,SKU-274,17.51,1877.65,17
2026-05-25 14:54:13,SKU-039,47.05,7217.32,44
2026-02-06 14:54:13,SKU-366,32.45,6081.24,33
2026-05-10 14:54:13,SKU-447,46.46,15302.21,49
2026-03-08 14:54:13,SKU-337,23.54,2970.45,23
2026-06-19 14:54:13,SKU-397,18.89,8791.4,20
2025-09-02 14:54:13,SKU-436,42.44,17777.6,41
2026-05-26 14:54:13,SKU-290,43.82,1215.78,46
2026-03-20 14:54:13,SKU-147,20.81,11393.05,23
2025-10-27 14:54:13,SKU-121,1.87,431.2,2
2026-04-23 14:54:13,SKU-018,6.5,820.8,6
2025-09-06 14:54:13,SKU-277,1.9,217.6,2
2026-06-18 14:54:13,SKU-295,39.33,15647.7,43
2026-02-10 14:54:13,SKU-013,2.14,83.76,2
2025-09-07 14:54:13,SKU-230,6.58,179.06,7
2026-08-01 14:54:13,SKU-184,37.22,18797.27,41
2026-07-20 14:54:13,SKU-260,20.71,2943.8,20
2026-07-20 14:54:13,SKU-159,6.34,3263.12,7
2025-12-24 14:54:13,SKU-438,4.9,435.5,5
2026-05-13 14:54:13,SKU-349,15.1,3465.56,14
2025-09-06 14:54:13,SKU-178,26.73,12131.0,25
2025-08-28 14:54:13,SKU-277,36.97,4243.2,39
2025-10-01 14:54:13,SKU-294,25.42,6588.72,24
2026-04-19 14:54:13,SKU-469,15.79,7721.92,16
2026-04-16 14:54:13,SKU-201,35.37,9514.05,35
2025-12-28 14:54:13,SKU-487,18.59,7450.47,19
2026-04-15 14:54:13,SKU-379,48.2,22514.52,49
2026-06-28 14:54:13,SKU-385,7.93,234.56,8
2026-04-23 14:54:13,SKU-450,9.02,656.46,9
2025-11-12 14:54:13,SKU-198,16.08,6339.6,15
2026-02-04 14:54:13,SKU-015,6.9,1114.82,7
2026-05-31 14:54:13,SKU-104,39.57,17777.6,40
2025-09-18 14:54:13,SKU-496,9.78,4762.6,10
2026-03-30 14:54:13,SKU-135,38.96,10816.65,39
2025-09-26 14:54:13,SKU-307,32.5,17732.52,36
2026-08-06 14:54:13,SKU-473,13.34,4684.03,13
2025-10-14 14:54:13,SKU-368,37.3,7356.96,36
2026-06-10 14:54:13,SKU-500,22.8,8459.85,21
2025-11-03 14:54:13,SKU-181,25.39,9470.25,27
2026-06-12 14:54:13,SKU-115,40.18,16106.94,43
2025-09-30 14:54:13,SKU-372,41.39,7298.76,42
2026-01-26 14:54:13,SKU-244,8.46,908.88,8
2026-04-06 14:54:13,SKU-231,23.89,5658.72,24
2025-09-28 14:54:13,SKU-436,39.38,16476.8,38
2026-06-28 14:54:13,SKU-263,32.44,8088.6,30
2026-01-14 14:54:13,SKU-471,38.02,6352.08,38
2026-01-18 14:54:13,SKU-340,26.63,667.0,29
2025-11-24 14:54:13,SKU-023,2.84,1442.91,3
2026-01-30 14:54:13,SKU-477,7.23,3203.44,8
2025-08-12 14:54:13,SKU-285,42.41,9079.45,41
2026-06-27 14:54:13,SKU-434,42.94,11115.28,44
2026-05-30 14:54:13,SKU-213,8.58,3620.32,8
2026-03-25 14:54:13,SKU-123,6.56,1065.12,6
2025-11-01 14:54:13,SKU-428,17.71,7319.88,18
2026-05-20 14:54:13,SKU-281,7.06,2870.91,7
2026-06-06 14:54:13,SKU-413,41.44,5311.36,43
2026-01-16 14:54:13,SKU-262,8.39,969.84,9
2026-01-12 14:54:13,SKU-421,13.88,4960.02,13
2025-11-03 14:54:13,SKU-322,35.81,6754.77,33
2026-08-07 14:54:13,SKU-300,36.96,2894.76,34
2026-04-14 14:54:13,SKU-386,30.01,2954.4,30
2026-04-14 14:54:13,SKU-203,41.03,20336.42,43
2026-07-03 14:54:13,SKU-013,16.54,670.08,16
2025-12-27 14:54:13,SKU-321,5.51,602.34,6
2026-02-17 14:54:13,SKU-236,36.24,1902.17,37
2025-11-12 14:54:13,SKU-250,28.62,4909.8,28
2025-12-21 14:54:13,SKU-339,44.46,671.17,41
2025-12-04 14:54:13,SKU-282,52.24,7726.32,49
2026-07-24 14:54:13,SKU-001,47.13,4794.24,48
2026-02-09 14:54:13,SKU-335,17.85,1657.33,17
2025-10-26 14:54:13,SKU-409,30.41,3859.02,33
2026-04-29 14:54:13,SKU-325,25.1,3543.84,23
2026-06-16 14:54:13,SKU-206,23.1,2806.69,23
2026-05-04 14:54:13,SKU-134,13.2,4227.73,13
2025-10-02 14:54:13,SKU-450,36.98,2552.9,35
2025-09-07 14:54:13,SKU-401,25.45,10805.76,28
2026-05-08 14:54:13,SKU-263,33.96,8627.84,32
2026-05-23 14:54:13,SKU-451,5.49,1330.8,6
2025-10-27 14:54:13,SKU-317,44.35,7690.37,41
2026-07-27 14:54:13,SKU-428,12.5,5286.58,13
2025-10-31 14:54:13,SKU-396,9.74,2850.21,9
2025-09-28 14:54:13,SKU-048,40.26,16433.2,40
2025-11-26 14:54:13,SKU-226,30.96,14467.86,33
2026-06-15 14:54:13,SKU-054,46.59,7714.07,49
2026-08-03 14:54:13,SKU-336,35.57,4941.69,39
2026-04-11 14:54:13,SKU-193,20.12,4497.15,21
2025-12-29 14:54:13,SKU-316,23.2,6100.8,24
2025-11-29 14:54:13,SKU-339,46.52,720.28,44
2025-08-24 14:54:13,SKU-050,6.34,1485.42,6
2026-01-15 14:54:13,SKU-343,27.76,5237.1,30
2026-06-03 14:54:13,SKU-094,29.73,2791.5,30
2026-06-26 14:54:13,SKU-164,48.36,10013.64,49
2025-10-27 14:54:13,SKU-344,23.44,7780.24,26
2025-10-15 14:54:13,SKU-287,48.75,12132.48,48
2026-01-25 14:54:13,SKU-055,24.68,3518.0,25
2026-07-01 14:54:13,SKU-131,39.16,13115.32,38
2026-05-31 14:54:13,SKU-296,39.02,12318.08,38
2025-12-08 14:54:13,SKU-478,20.74,8679.2,19
2026-01-18 14:54:13,SKU-488,31.88,2026.86,33
2025-09-07 14:54:13,SKU-394,13.55,5111.96,14
2025-12-12 14:54:13,SKU-400,20.43,10478.79,21
2025-08-16 14:54:13,SKU-097,38.4,5516.14,41
2026-06-05 14:54:13,SKU-108,48.25,1364.41,47
2026-01-14 14:54:13,SKU-194,4.25,859.76,4
2026-04-25 14:54:13,SKU-396,18.21,5383.73,17
2026-03-12 14:54:13,SKU-010,39.74,7770.32,41
2025-12-14 14:54:13,SKU-015,23.0,3344.46,21
2026-01-29 14:54:13,SKU-188,30.37,5970.24,32
2026-02-27 14:54:13,SKU-231,17.89,4244.04,18
2026-03-24 14:54:13,SKU-492,9.67,4424.4,10
2026-05-17 14:54:13,SKU-249,40.02,11463.2,40
2026-03-23 14:54:13,SKU-224,36.32,8947.48,38
2026-04-08 14:54:13,SKU-499,33.29,15920.5,34
2025-09-02 14:54:13,SKU-210,19.98,6266.92,22
2026-06-09 14:54:13,SKU-040,43.41,5418.15,41
2025-11-27 14:54:13,SKU-020,0.96,100.58,1
2026-03-26 14:54:13,SKU-280,36.39,15833.88,36
2026-01-11 14:54:13,SKU-028,22.62,2469.51,23
2026-08-04 14:54:13,SKU-091,37.85,10672.3,38
2026-07-26 14:54:13,SKU-202,39.3,11568.56,41
2026-02-13 14:54:13,SKU-221,45.98,21079.46,43
2025-08-15 14:54:13,SKU-260,3.72,588.76,4
2026-07-12 14:54:13,SKU-173,25.85,9327.0,25
2026-01-19 14:54:13,SKU-157,21.4,7469.66,22
2025-09-05 14:54:13,SKU-408,39.94,2736.52,43
2025-12-10 14:54:13,SKU-189,38.94,13379.8,38
2026-07-30 14:54:13,SKU-262,7.62,862.08,8
2025-12-08 14:54:13,SKU-455,45.78,17837.88,46
2026-07-18 14:54:13,SKU-025,18.36,8693.64,18
2025-11-27 14:54:13,SKU-435,42.14,16149.51,39
2025-10-23 14:54:13,SKU-222,32.43,5817.06,34
2025-11-20 14:54:13,SKU-310,38.28,4539.93,41
2025-12-30 14:54:13,SKU-191,40.51,12784.24,37
2026-01-25 14:54:13,SKU-167,2.92,1324.14,3
2026-03-30 14:54:13,SKU-111,30.38,13945.47,33
2026-05-27 14:54:13,SKU-019,14.2,3056.62,14
2026-06-08 14:54:13,SKU-175,17.89,2401.22,19
2026-07-22 14:54:13,SKU-310,16.41,1882.41,17
2026-05-20 14:54:13,SKU-275,46.61,22270.08,48
2025-08-17 14:54:13,SKU-147,28.51,14365.15,29
2025-11-12 14:54:13,SKU-069,52.42,12894.35,49
2026-01-27 14:54:13,SKU-186,12.31,1226.16,12
2026-05-11 14:54:13,SKU-154,38.01,2298.66,42
2026-03-10 14:54:13,SKU-369,14.84,2276.16,16
2026-07-11 14:54:13,SKU-254,34.61,14514.6,34
2026-05-16 14:54:13,SKU-488,46.21,3009.58,49
2025-10-06 14:54:13,SKU-310,39.51,4539.93,41
2026-07-05 14:54:13,SKU-060,25.05,7675.92,24
2025-10-04 14:54:13,SKU-494,14.62,5565.44,16
2026-05-18 14:54:13,SKU-311,24.27,7951.32,26
2025-10-22 14:54:13,SKU-429,15.44,5553.75,15
2025-10-18 14:54:13,SKU-065,9.08,4237.74,9
2026-01-30 14:54:13,SKU-412,28.29,12862.2,26
2025-12-22 14:54:13,SKU-399,29.02,7267.86,27
2025-11-03 14:54:13,SKU-203,31.59,14188.2,30
2026-02-16 14:54:13,SKU-387,12.51,1959.6,12
2026-03-11 14:54:13,SKU-030,39.89,14740.96,38
2026-08-05 14:54:13,SKU-294,14.69,4117.95,15
2025-11-30 14:54:13,SKU-285,37.45,8415.1,38
2026-01-03 14:54:13,SKU-145,39.36,14937.27,37
2026-03-01 14:54:13,SKU-140,50.28,15902.4,48
2026-02-27 14:54:13,SKU-468,0.96,368.32,1
2025-09-02 14:54:13,SKU-255,8.63,2403.09,9
2026-06-17 14:54:13,SKU-493,45.1,2231.0,46
2025-11-05 14:54:13,SKU-318,27.81,443.34,27
2025-09-06 14:54:13,SKU-356,49.3,9594.22,46
2026-03-21 14:54:13,SKU-348,30.94,13937.6,32
2026-03-25 14:54:13,SKU-424,28.46,9121.44,31
2025-09-20 14:54:13,SKU-294,9.04,2470.77,9
2025-10-28 14:54:13,SKU-191,14.11,4491.76,13
2025-09-11 14:54:13,SKU-272,1.94,834.0,2
2026-05-31 14:54:13,SKU-251,33.01,10461.8,34
2026-06-18 14:54:13,SKU-277,45.53,5004.8,46
2025-09-25 14:54:13,SKU-220,40.72,17017.88,44
2025-09-10 14:54:13,SKU-084,32.2,13182.18,33
2025-10-01 14:54:13,SKU-008,44.79,958.5,45
2025-09-17 14:54:13,SKU-300,37.12,2979.9,35
2026-04-29 14:54:13,SKU-231,4.1,943.12,4
2026-02-12 14:54:13,SKU-419,9.65,4181.4,9
2026-03-12 14:54:13,SKU-443,26.23,2048.2,28
2026-04-25 14:54:13,SKU-356,36.46,7508.52,36
2026-02-19 14:54:13,SKU-490,12.55,2334.15,13
2025-11-16 14:54:13,SKU-032,44.28,18615.56,43
2026-06-16 14:54:13,SKU-334,45.18,14173.79,47
2025-10-12 14:54:13,SKU-311,17.63,5810.58,19
2025-09-16 14:54:13,SKU-101,45.59,18699.41,43
2026-03-14 14:54:13,SKU-185,30.1,1744.68,28
2025-08-28 14:54:13,SKU-320,24.99,2071.0,25
2026-01-24 14:54:13,SKU-078,26.6,3117.14,26
2026-03-10 14:54:13,SKU-208,14.69,3974.25,15
2026-07-18 14:54:13,SKU-273,20.04,1560.02,22
2026-03-08 14:54:13,SKU-012,47.08,19843.02,46
2025-11-19 14:54:13,SKU-463,15.58,3501.28,16
2026-04-11 14:54:13,SKU-384,29.08,13830.88,28
2026-01-12 14:54:13,SKU-182,32.56,2834.95,31
2025-09-22 14:54:13,SKU-047,0.98,143.34,1
2026-02-26 14:54:13,SKU-001,16.09,1598.08,16
2026-07-14 14:54:13,SKU-342,23.72,9843.02,22
2026-07-21 14:54:13,SKU-147,4.89,2476.75,5
2025-12-11 14:54:13,SKU-167,10.69,4413.8,10
2026-04-19 14:54:13,SKU-263,37.74,9975.94,37
2026-06-14 14:54:13,SKU-188,15.12,2798.55,15
2026-03-16 14:54:13,SKU-026,45.73,6681.04,46
2025-08-27 14:54:13,SKU-010,13.84,2653.28,14
2025-09-06 14:54:13,SKU-205,9.27,4297.41,9
2026-04-15 14:54:13,SKU-202,8.84,2539.44,9
2026-04-07 14:54:13,SKU-455,8.49,3490.02,9
2025-10-30 14:54:13,SKU-349,18.89,4950.8,20
2026-04-30 14:54:13,SKU-488,30.1,1719.76,28
2026-06-06 14:54:13,SKU-084,42.52,15578.94,39
2026-05-18 14:54:13,SKU-454,44.73,1772.84,41
2026-07-18 14:54:13,SKU-359,48.41,14908.25,49
2025-11-16 14:54:13,SKU-342,7.31,3579.28,8
2026-03-14 14:54:13,SKU-146,38.88,4071.9,42
2025-08-24 14:54:13,SKU-347,51.67,23401.44,48
2026-06-18 14:54:13,SKU-245,10.88,1491.36,12
2026-03-15 14:54:13,SKU-311,3.75,1223.28,4
2026-04-24 14:54:13,SKU-178,18.64,8249.08,17
2025-10-11 14:54:13,SKU-048,5.33,2054.15,5
2026-01-19 14:54:13,SKU-366,36.14,6449.8,35
2026-07-23 14:54:13,SKU-488,44.61,2518.22,41
2026-07-21 14:54:13,SKU-178,24.66,12616.24,26
2026-03-04 14:54:13,SKU-270,23.48,9562.75,25
2026-05-25 14:54:13,SKU-239,18.64,729.9,18
2025-11-24 14:54:13,SKU-193,21.55,4283.0,20
2026-03-14 14:54:13,SKU-123,31.73,6035.68,34
2025-09-19 14:54:13,SKU-411,0.94,214.61,1
2025-10-20 14:54:13,SKU-452,8.15,2879.82,9
2026-06-05 14:54:13,SKU-354,26.78,10326.75,25
2025-12-27 14:54:13,SKU-269,15.96,2291.09,17
2026-07-16 14:54:13,SKU-190,31.21,5335.11,33
2026-06-18 14:54:13,SKU-264,29.91,11200.09,29
2026-06-06 14:54:13,SKU-198,36.46,16482.96,39
2026-04-16 14:54:13,SKU-149,22.98,4844.62,22
2026-04-11 14:54:13,SKU-202,27.75,8182.64,29
2026-05-23 14:54:13,SKU-401,24.35,10033.92,26
2025-08-29 14:54:13,SKU-238,21.88,4006.17,21
2026-03-11 14:54:13,SKU-360,42.68,3933.13,41
2026-02-03 14:54:13,SKU-429,18.09,7034.75,19
2026-02-19 14:54:13,SKU-081,35.92,5955.15,37
2025-12-18 14:54:13,SKU-154,31.82,1751.36,32
2026-05-30 14:54:13,SKU-374,29.15,6580.37,31
2026-02-02 14:54:13,SKU-350,6.2,1652.4,6
2026-05-09 14:54:13,SKU-189,21.18,7042.0,20
2025-09-25 14:54:13,SKU-426,29.84,2277.26,31
2025-12-19 14:54:13,SKU-413,9.37,1111.68,9
2026-06-04 14:54:13,SKU-409,43.54,5379.24,46
2025-08-31 14:54:13,SKU-059,9.69,1911.3,10
2026-07-05 14:54:13,SKU-319,5.21,486.2,5
2026-04-12 14:54:13,SKU-129,40.66,1352.4,42
2026-02-08 14:54:13,SKU-318,35.24,640.38,39
2025-12-01 14:54:13,SKU-261,21.35,2236.3,22
2026-01-17 14:54:13,SKU-070,52.29,23911.68,48
2026-01-24 14:54:13,SKU-495,31.03,1026.12,34
2025-11-26 14:54:13,SKU-243,16.88,1589.12,16
2026-06-14 14:54:13,SKU-194,4.82,1074.7,5
2026-05-28 14:54:13,SKU-281,37.33,14354.55,35
2026-03-01 14:54:13,SKU-470,34.49,7255.36,32
2025-12-05 14:54:13,SKU-237,8.36,3946.16,8
2025-08-14 14:54:13,SKU-106,17.67,1547.46,18
2025-12-10 14:54:13,SKU-020,9.36,905.22,9
2025-09-04 14:54:13,SKU-358,3.87,556.84,4
2025-09-20 14:54:13,SKU-301,38.18,11765.18,38
2025-12-15 14:54:13,SKU-270,19.15,8032.71,21
2025-08-26 14:54:13,SKU-293,12.72,3275.02,14
2025-12-22 14:54:13,SKU-263,22.14,5662.02,21
2026-08-05 14:54:13,SKU-328,1.06,99.14,1
2025-12-03 14:54:13,SKU-241,4.63,312.55,5
2025-10-29 14:54:13,SKU-404,7.25,2599.94,7
2026-06-09 14:54:13,SKU-242,14.59,2864.54,14
2026-06-03 14:54:13,SKU-189,14.35,4929.4,14
2026-04-28 14:54:13,SKU-232,29.33,2119.61,29
2026-07-28 14:54:13,SKU-113,38.26,17462.52,36
2026-05-15 14:54:13,SKU-448,33.73,10866.06,34
2025-08-27 14:54:13,SKU-204,9.17,1312.0,10
2025-10-27 14:54:13,SKU-210,15.91,4557.76,16
2026-03-06 14:54:13,SKU-018,18.67,2325.6,17
2025-08-20 14:54:13,SKU-482,4.8,207.3,5
2025-11-27 14:54:13,SKU-083,43.16,19672.4,44
2025-12-20 14:54:13,SKU-398,43.87,19635.75,45
2026-05-31 14:54:13,SKU-093,15.07,1656.8,16
2026-01-29 14:54:13,SKU-483,19.55,5685.37,19
2025-10-15 14:54:13,SKU-225,11.91,1288.56,13
2026-01-15 14:54:13,SKU-189,36.27,11971.4,34
2026-07-20 14:54:13,SKU-246,48.3,11628.0,48
2026-04-08 14:54:13,SKU-361,9.43,2152.0,10
2025-10-20 14:54:13,SKU-275,19.05,8815.24,19
2026-06-04 14:54:13,SKU-169,24.34,1171.16,23
2026-04-27 14:54:13,SKU-260,4.66,735.95,5
2026-08-05 14:54:13,SKU-343,34.44,6459.09,37
2026-07-07 14:54:13,SKU-439,13.39,5461.82,13
2026-05-18 14:54:13,SKU-456,18.43,4356.9,18
2026-07-14 14:54:13,SKU-236,9.99,514.1,10
2025-12-30 14:54:13,SKU-050,15.65,3713.55,15
2025-09-09 14:54:13,SKU-158,16.24,7161.66,18
2026-07-09 14:54:13,SKU-496,18.86,9525.2,20
2025-09-02 14:54:13,SKU-035,44.56,10138.38,42
2025-11-18 14:54:13,SKU-227,19.49,9736.4,20
2026-06-21 14:54:13,SKU-008,35.0,681.6,32
2026-07-17 14:54:13,SKU-258,5.64,1502.82,6
2025-09-15 14:54:13,SKU-106,28.82,2751.04,32
2025-08-19 14:54:13,SKU-309,12.03,2154.46,11
2026-02-03 14:54:13,SKU-331,2.07,44.88,2
2025-12-10 14:54:13,SKU-306,16.45,6952.95,15
2026-07-24 14:54:13,SKU-031,28.26,5198.2,28
2025-11-10 14:54:13,SKU-212,26.87,8082.25,25
2025-12-17 14:54:13,SKU-348,5.2,2177.75,5
2026-03-26 14:54:13,SKU-366,1.93,368.56,2
2026-05-13 14:54:13,SKU-243,1.94,198.64,2
2026-05-25 14:54:13,SKU-062,39.2,16362.8,38
2026-04-14 14:54:13,SKU-330,18.52,5534.52,17
2025-11-14 14:54:13,SKU-467,49.53,21892.32,46
2026-07-10 14:54:13,SKU-420,37.39,3427.56,36
2026-05-14 14:54:13,SKU-137,11.66,1335.36,12
2025-11-13 14:54:13,SKU-478,43.25,18272.0,40
2026-01-12 14:54:13,SKU-287,25.89,6319.0,25
2025-12-03 14:54:13,SKU-261,28.02,2744.55,27
2026-04-16 14:54:13,SKU-271,43.75,7418.95,41
2026-05-08 14:54:13,SKU-328,35.2,3668.18,37
2026-03-09 14:54:13,SKU-134,28.26,9105.88,28
2025-12-15 14:54:13,SKU-403,31.28,11979.95,31
2025-11-25 14:54:13,SKU-010,24.73,4358.96,23
2026-01-03 14:54:13,SKU-387,22.96,4082.5,25
2026-07-25 14:54:13,SKU-186,24.03,2247.96,22
2026-05-03 14:54:13,SKU-335,22.78,2047.29,21
2025-09-08 14:54:13,SKU-500,34.51,12891.2,32
2025-09-26 14:54:13,SKU-013,23.93,963.24,23
2025-12-20 14:54:13,SKU-479,48.85,4942.63,49
2025-10-02 14:54:13,SKU-341,2.14,591.38,2
2025-10-06 14:54:13,SKU-079,35.19,4166.25,33
2026-01-29 14:54:13,SKU-147,0.9,495.35,1
2026-05-19 14:54:13,SKU-109,40.35,7482.64,44
2026-03-18 14:54:13,SKU-333,14.3,1662.78,14
2026-04-03 14:54:13,SKU-172,29.53,420.12,27
2025-10-01 14:54:13,SKU-170,39.92,11628.42,41
2026-08-09 14:54:13,SKU-041,36.16,4051.5,37
2026-01-17 14:54:13,SKU-335,8.43,779.92,8
2026-07-28 14:54:13,SKU-173,35.41,12311.64,33
2026-07-06 14:54:13,SKU-496,35.44,17145.36,36
2025-08-15 14:54:13,SKU-424,35.48,10004.16,34
2025-10-20 14:54:13,SKU-351,16.22,2318.12,17
2026-05-15 14:54:13,SKU-125,13.6,3635.25,15
2026-01-10 14:54:13,SKU-242,20.16,4296.81,21
2026-03-17 14:54:13,SKU-450,46.72,3574.06,49
2025-11-01 14:54:13,SKU-452,1.82,639.96,2
2025-08-25 14:54:13,SKU-270,18.05,7650.2,20
2026-05-02 14:54:13,SKU-339,6.48,114.59,7
2026-03-05 14:54:13,SKU-475,46.06,20038.98,46
2026-04-13 14:54:13,SKU-493,35.79,1746.0,36
2025-08-29 14:54:13,SKU-259,29.51,10137.12,28
2026-08-06 14:54:13,SKU-241,10.9,750.12,12
2025-12-31 14:54:13,SKU-302,3.02,1400.22,3
2025-11-28 14:54:13,SKU-472,7.22,865.44,8
2025-10-12 14:54:13,SKU-179,3.82,125.08,4
2025-08-16 14:54:13,SKU-468,32.45,11417.92,31
2026-01-14 14:54:13,SKU-207,3.08,556.5,3
2026-07-06 14:54:13,SKU-412,33.13,16325.1,33
2026-05-26 14:54:13,SKU-379,39.26,16541.28,36
2026-06-06 14:54:13,SKU-140,13.82,4306.9,13
2026-07-28 14:54:13,SKU-313,16.81,3811.04,16
2026-08-01 14:54:13,SKU-485,19.76,7211.82,21
2025-08-31 14:54:13,SKU-307,22.63,10343.97,21
2025-10-22 14:54:13,SKU-245,1.08,124.28,1
2025-10-14 14:54:13,SKU-078,23.61,2637.58,22
2026-04-26 14:54:13,SKU-331,43.5,942.48,42
2026-02-17 14:54:13,SKU-006,19.79,1981.8,20
2025-11-08 14:54:13,SKU-218,35.11,13841.92,32
2026-07-02 14:54:13,SKU-250,21.24,4033.05,23
2025-12-16 14:54:13,SKU-030,12.66,5430.88,14
2026-06-11 14:54:13,SKU-480,31.69,10457.72,34
2025-09-01 14:54:13,SKU-499,33.2,14515.75,31
2026-05-09 14:54:13,SKU-149,20.96,4404.2,20
2025-12-02 14:54:13,SKU-047,20.26,2723.46,19
2026-04-09 14:54:13,SKU-207,49.13,8347.5,45
2026-02-02 14:54:13,SKU-164,22.19,4700.28,23
2026-07-28 14:54:13,SKU-172,9.66,155.6,10
2025-12-30 14:54:13,SKU-086,16.01,2087.43,17
2026-05-08 14:54:13,SKU-112,1.04,322.34,1
2025-08-20 14:54:13,SKU-332,50.05,20002.18,46
2026-07-27 14:54:13,SKU-244,12.05,1249.71,11
2026-02-27 14:54:13,SKU-381,45.36,12949.91,47
2026-04-13 14:54:13,SKU-415,26.89,6791.72,26
2026-03-09 14:54:13,SKU-392,47.33,13382.31,47
2025-11-04 14:54:13,SKU-058,9.44,2248.47,9
2025-11-26 14:54:13,SKU-446,43.8,6564.48,48
2026-02-24 14:54:13,SKU-392,50.15,13382.31,47
2026-04-28 14:54:13,SKU-203,26.12,11350.56,24
2026-04-28 14:54:13,SKU-340,31.57,690.0,30
2025-10-18 14:54:13,SKU-338,30.61,14655.56,31
2026-07-25 14:54:13,SKU-440,27.35,9611.56,28
2026-05-13 14:54:13,SKU-437,18.58,7837.2,18
2026-02-18 14:54:13,SKU-437,22.05,10014.2,23
2026-05-10 14:54:13,SKU-113,49.61,23283.36,48
2026-03-21 14:54:13,SKU-424,2.74,882.72,3
2025-11-08 14:54:13,SKU-306,24.91,10661.19,23
2025-10-04 14:54:13,SKU-200,48.08,751.5,45
2026-05-22 14:54:13,SKU-102,22.72,5992.88,23
2025-11-09 14:54:13,SKU-266,50.54,14749.0,49
2026-06-07 14:54:13,SKU-029,2.72,1069.08,3
2026-05-04 14:54:13,SKU-357,21.83,2445.3,22
2026-04-29 14:54:13,SKU-483,3.0,897.69,3
2025-09-07 14:54:13,SKU-137,19.64,2114.32,19
2026-04-20 14:54:13,SKU-205,37.81,18144.62,38
2026-02-16 14:54:13,SKU-405,49.24,10993.08,46
2026-03-01 14:54:13,SKU-305,51.54,10237.54,47
2026-04-15 14:54:13,SKU-209,37.66,6271.59,39
2025-08-11 14:54:13,SKU-158,24.38,9946.75,25
2025-10-18 14:54:13,SKU-249,28.64,8597.4,30
2026-05-12 14:54:13,SKU-369,42.58,6259.44,44
2026-07-11 14:54:13,SKU-414,38.84,11819.88,36
2025-10-26 14:54:13,SKU-155,14.38,4073.72,14
2025-09-09 14:54:13,SKU-432,36.27,4597.71,39
2026-01-01 14:54:13,SKU-122,45.45,8114.92,44
2026-04-14 14:54:13,SKU-247,25.92,8853.84,27
2026-05-28 14:54:13,SKU-375,14.23,4547.4,15
2026-04-09 14:54:13,SKU-007,42.76,7317.68,46
2026-05-13 14:54:13,SKU-302,28.85,14935.68,32
2026-05-25 14:54:13,SKU-360,23.68,2494.18,26
2026-07-14 14:54:13,SKU-404,15.34,5571.3,15
2026-01-07 14:54:13,SKU-371,20.9,5317.62,21
2026-06-05 14:54:13,SKU-373,16.35,1120.14,18
2026-04-22 14:54:13,SKU-320,43.74,3396.44,41
2025-10-03 14:54:13,SKU-135,0.97,277.35,1
2025-09-11 14:54:13,SKU-334,36.35,10856.52,36
2026-04-10 14:54:13,SKU-498,12.74,496.58,14
2025-09-28 14:54:13,SKU-490,8.78,1436.4,8
2026-01-06 14:54:13,SKU-430,21.2,4430.26,23
2026-08-02 14:54:13,SKU-223,14.59,2042.72,16
2025-11-22 14:54:13,SKU-283,43.29,7549.33,41
2026-06-14 14:54:13,SKU-113,13.89,7276.05,15
2025-10-30 14:54:13,SKU-347,40.82,19501.2,40
2025-09-10 14:54:13,SKU-242,33.44,7570.57,37
2025-09-13 14:54:13,SKU-098,3.16,504.15,3
2026-06-08 14:54:13,SKU-206,40.54,4637.14,38
2026-06-23 14:54:13,SKU-112,30.79,10637.22,33
2026-07-22 14:54:13,SKU-178,7.45,3881.92,8
2026-07-27 14:54:13,SKU-018,29.25,3693.6,27
2026-08-05 14:54:13,SKU-266,11.72,3612.0,12
2025-10-24 14:54:13,SKU-012,19.97,8627.4,20
2026-02-21 14:54:13,SKU-283,11.15,2209.56,12
2026-06-16 14:54:13,SKU-309,36.21,7246.82,37
2026-04-27 14:54:13,SKU-305,15.29,3267.3,15
2026-03-13 14:54:13,SKU-456,15.85,3630.75,15
2025-11-29 14:54:13,SKU-103,8.14,3209.28,8
2026-04-01 14:54:13,SKU-247,16.26,5902.56,18
2026-05-15 14:54:13,SKU-235,2.85,33.81,3
2025-09-17 14:54:13,SKU-431,33.38,1118.7,33
2025-12-05 14:54:13,SKU-449,53.13,708.05,49
2026-05-31 14:54:13,SKU-050,10.6,2475.7,10
2026-03-18 14:54:13,SKU-154,11.45,656.76,12
2025-09-25 14:54:13,SKU-142,34.77,5183.85,35
2025-10-31 14:54:13,SKU-116,42.97,4414.08,44
2026-05-10 14:54:13,SKU-443,10.21,731.5,10
2025-10-07 14:54:13,SKU-083,1.0,447.1,1
2026-04-21 14:54:13,SKU-228,33.98,3710.39,31
2026-06-15 14:54:13,SKU-066,11.55,4093.08,12
2026-04-20 14:54:13,SKU-493,22.59,1067.0,22
2025-12-19 14:54:13,SKU-215,22.18,4650.6,23
2025-09-19 14:54:13,SKU-109,38.63,6632.34,39
2026-01-26 14:54:13,SKU-018,5.46,820.8,6
2025-09-16 14:54:13,SKU-143,4.99,1757.0,5
2026-06-03 14:54:13,SKU-329,19.19,3858.4,20
2026-06-30 14:54:13,SKU-410,34.75,15021.78,38
2026-02-19 14:54:13,SKU-425,15.6,7479.32,17
2026-04-30 14:54:13,SKU-411,8.78,1931.49,9
2026-05-05 14:54:13,SKU-378,20.02,3924.48,21
2025-08-20 14:54:13,SKU-085,35.92,11146.41,33
2026-04-29 14:54:13,SKU-308,1.83,345.5,2
2026-07-29 14:54:13,SKU-168,4.15,1200.12,4
2026-03-27 14:54:13,SKU-413,21.23,2470.4,20
2025-12-01 14:54:13,SKU-237,25.67,12331.75,25
2026-07-11 14:54:13,SKU-448,32.86,10866.06,34
2025-09-16 14:54:13,SKU-374,24.93,5731.29,27
2025-09-13 14:54:13,SKU-389,38.56,18434.91,39
2026-07-20 14:54:13,SKU-318,24.99,394.08,24
2025-11-07 14:54:13,SKU-199,2.94,718.98,3
2026-05-22 14:54:13,SKU-434,10.24,2526.2,10
2025-11-19 14:54:13,SKU-039,41.18,6561.2,40
2025-09-07 14:54:13,SKU-192,13.92,6388.9,14
2026-03-21 14:54:13,SKU-077,31.27,8182.35,33
2026-02-18 14:54:13,SKU-284,24.46,11354.25,25
2026-04-17 14:54:13,SKU-156,28.1,4763.77,31
2026-07-09 14:54:13,SKU-471,9.42,1671.6,10
2026-03-01 14:54:13,SKU-432,2.79,353.67,3
2026-07-11 14:54:13,SKU-169,12.28,661.96,13
2026-08-10 14:54:13,SKU-248,17.77,4644.06,17
2025-08-23 14:54:13,SKU-102,17.35,4429.52,17
2025-08-25 14:54:13,SKU-220,42.05,17791.42,46
2026-07-27 14:54:13,SKU-056,3.92,845.64,4
2026-03-20 14:54:13,SKU-308,48.99,7773.75,45
2026-01-14 14:54:13,SKU-309,25.15,4504.78,23
2025-11-30 14:54:13,SKU-021,43.4,9906.34,43
2025-09-09 14:54:13,SKU-332,30.44,14349.39,33
2026-06-26 14:54:13,SKU-278,20.2,2128.14,21
2025-12-31 14:54:13,SKU-363,38.73,17270.28,36
2025-09-11 14:54:13,SKU-214,50.13,8362.34,46
2026-04-18 14:54:13,SKU-250,39.95,6838.65,39
2025-08-12 14:54:13,SKU-183,2.14,635.0,2
2026-04-11 14:54:13,SKU-499,47.17,21539.5,46
2025-10-20 14:54:13,SKU-487,38.16,14116.68,36
2025-12-01 14:54:13,SKU-421,37.5,13735.44,36
2025-09-10 14:54:13,SKU-016,35.45,11739.18,34
2026-03-30 14:54:13,SKU-210,45.91,12248.98,43
2026-06-11 14:54:13,SKU-015,18.6,2707.42,17
2025-10-19 14:54:13,SKU-020,8.45,804.64,8
2026-02-05 14:54:13,SKU-224,45.41,9889.32,42
2025-09-03 14:54:13,SKU-242,23.23,4910.64,24
2026-05-29 14:54:13,SKU-281,7.43,2870.91,7
2025-08-22 14:54:13,SKU-495,0.96,30.18,1
2026-03-06 14:54:13,SKU-409,5.45,584.7,5
2026-05-19 14:54:13,SKU-262,49.65,5280.24,49
2025-08-19 14:54:13,SKU-183,44.67,14287.5,45
2025-10-04 14:54:13,SKU-112,9.12,2901.06,9
2025-12-15 14:54:13,SKU-178,18.49,9704.8,20
2026-01-06 14:54:13,SKU-111,38.98,17326.19,41
2026-07-27 14:54:13,SKU-314,6.37,2760.24,6
2025-09-21 14:54:13,SKU-349,3.06,742.62,3
2026-05-08 14:54:13,SKU-439,49.39,19746.58,47
2026-02-25 14:54:13,SKU-058,15.6,4247.11,17
2026-04-19 14:54:13,SKU-039,3.24,492.09,3
2025-10-01 14:54:13,SKU-250,13.99,2454.9,14
2025-09-09 14:54:13,SKU-442,28.05,11367.2,26
2025-10-18 14:54:13,SKU-351,35.07,4772.6,35
2025-10-01 14:54:13,SKU-383,12.72,6337.1,14
2025-11-09 14:54:13,SKU-292,24.14,1450.32,24
2026-08-10 14:54:13,SKU-309,21.28,4308.92,22
2025-10-18 14:54:13,SKU-369,3.81,569.04,4
2026-04-08 14:54:13,SKU-298,28.29,5381.7,30
2025-08-26 14:54:13,SKU-183,50.16,14922.5,47
2026-01-19 14:54:13,SKU-107,26.34,11653.2,27
2025-10-22 14:54:13,SKU-155,5.44,1454.9,5
2026-04-26 14:54:13,SKU-287,29.31,7582.8,30
2026-02-16 14:54:13,SKU-390,24.31,10595.75,25
2026-03-14 14:54:13,SKU-086,37.61,4788.81,39
2025-11-05 14:54:13,SKU-414,42.55,13133.2,40
2026-01-09 14:54:13,SKU-025,31.63,14972.38,31
2025-12-26 14:54:13,SKU-046,21.97,1605.86,23
2026-01-21 14:54:13,SKU-353,27.54,9763.6,28
2025-12-24 14:54:13,SKU-018,38.45,5745.6,42
2026-07-07 14:54:13,SKU-248,5.78,1639.08,6
2026-05-31 14:54:13,SKU-381,27.9,7714.84,28
2025-09-11 14:54:13,SKU-337,8.51,1033.2,8
2026-02-17 14:54:13,SKU-184,46.32,19714.21,43
2025-11-29 14:54:13,SKU-074,37.85,1997.97,39
2026-04-19 14:54:13,SKU-420,9.76,952.1,10
2025-10-28 14:54:13,SKU-173,14.96,5969.28,16
2025-09-29 14:54:13,SKU-452,31.61,9279.42,29
2026-01-12 14:54:13,SKU-266,39.35,12341.0,41
2026-01-16 14:54:13,SKU-236,22.65,1079.61,21
2026-06-07 14:54:13,SKU-314,24.99,11961.04,26
2025-10-01 14:54:13,SKU-420,17.64,1618.57,17
2026-03-03 14:54:13,SKU-270,43.03,15682.91,41
2026-01-02 14:54:13,SKU-185,43.55,2990.88,48
2026-04-13 14:54:13,SKU-014,17.27,8213.72,17
2025-11-07 14:54:13,SKU-040,2.15,264.3,2
2025-08-19 14:54:13,SKU-351,28.63,4090.8,30
2026-05-18 14:54:13,SKU-477,34.65,15216.34,38
2025-11-21 14:54:13,SKU-025,46.06,21251.12,44
2026-05-09 14:54:13,SKU-037,39.01,9847.18,37
2025-08-30 14:54:13,SKU-282,8.18,1419.12,9
2025-09-10 14:54:13,SKU-029,20.62,6770.84,19
2026-05-20 14:54:13,SKU-491,30.31,1364.4,30
2025-12-01 14:54:13,SKU-163,6.45,416.85,7
2025-11-05 14:54:13,SKU-255,14.5,4005.15,15
2025-12-20 14:54:13,SKU-397,16.45,7912.26,18
2025-11-16 14:54:13,SKU-097,36.42,4574.36,34
2026-01-13 14:54:13,SKU-145,14.17,5651.94,14
2026-02-11 14:54:13,SKU-331,12.75,291.72,13
2025-12-05 14:54:13,SKU-055,30.55,4080.88,29
2026-05-19 14:54:13,SKU-204,27.96,3673.6,28
2026-02-06 14:54:13,SKU-458,19.71,6791.94,18
2026-05-20 14:54:13,SKU-181,31.38,10873.25,31
2026-04-29 14:54:13,SKU-129,11.46,354.2,11
2026-02-07 14:54:13,SKU-468,20.9,7734.72,21
2026-05-12 14:54:13,SKU-021,3.82,921.52,4
2025-09-04 14:54:13,SKU-116,12.46,1304.16,13
2026-03-09 14:54:13,SKU-411,47.11,10515.89,49
2026-04-24 14:54:13,SKU-339,37.32,654.8,40
2025-08-25 14:54:13,SKU-086,37.0,4788.81,39
2026-06-11 14:54:13,SKU-416,3.63,386.0,4
2026-04-12 14:54:13,SKU-288,1.02,498.87,1
2026-02-19 14:54:13,SKU-201,16.99,4349.28,16
2026-02-01 14:54:13,SKU-127,6.53,1426.14,6
2026-08-10 14:54:13,SKU-452,21.21,7359.54,23
2026-01-28 14:54:13,SKU-237,7.89,3946.16,8
2026-01-02 14:54:13,SKU-080,16.39,3412.26,18
2026-07-13 14:54:13,SKU-399,38.77,11574.74,43
2026-06-04 14:54:13,SKU-143,42.79,16164.4,46
2026-04-06 14:54:13,SKU-467,9.39,4759.2,10
2026-02-02 14:54:13,SKU-372,25.4,4518.28,26
2026-06-24 14:54:13,SKU-023,13.16,6252.61,13
2025-11-10 14:54:13,SKU-276,45.47,3453.56,44
2025-11-26 14:54:13,SKU-152,34.58,14810.73,33
2026-06-26 14:54:13,SKU-176,30.85,4500.0,30
2026-04-08 14:54:13,SKU-365,17.58,738.48,17
2025-10-20 14:54:13,SKU-275,2.97,1391.88,3
2025-08-21 14:54:13,SKU-416,43.45,4053.0,42
2026-02-22 14:54:13,SKU-381,15.9,4684.01,17
2026-01-31 14:54:13,SKU-350,25.9,6609.6,24
2025-10-12 14:54:13,SKU-422,30.31,11883.04,29
2025-10-19 14:54:13,SKU-285,25.03,5093.35,23
2026-01-29 14:54:13,SKU-255,48.56,12816.48,48
2026-06-28 14:54:13,SKU-183,13.18,4127.5,13
2026-01-16 14:54:13,SKU-213,46.17,21721.92,48
2026-06-14 14:54:13,SKU-112,38.66,12248.92,38
2025-11-05 14:54:13,SKU-112,22.29,6769.14,21
2025-11-08 14:54:13,SKU-303,43.49,15885.6,40
2025-09-01 14:54:13,SKU-487,36.65,15293.07,39
2025-11-24 14:54:13,SKU-030,19.51,6982.56,18
2026-07-26 14:54:13,SKU-167,27.93,11475.88,26
2026-06-27 14:54:13,SKU-197,42.26,13851.52,46
2026-05-01 14:54:13,SKU-153,10.19,153.1,10
2026-07-11 14:54:13,SKU-102,15.08,3908.4,15
2026-06-02 14:54:13,SKU-063,18.12,2358.4,20
2025-12-09 14:54:13,SKU-134,7.66,2601.68,8
2026-05-25 14:54:13,SKU-368,47.32,9196.2,45
2025-10-31 14:54:13,SKU-463,12.76,2844.79,13
2025-10-19 14:54:13,SKU-270,27.05,9562.75,25
2025-09-11 14:54:13,SKU-217,13.22,3404.05,13
2026-01-09 14:54:13,SKU-312,24.74,7379.64,27
2026-05-22 14:54:13,SKU-279,35.37,10898.36,34
2026-01-05 14:54:13,SKU-090,15.67,7632.16,16
2025-10-07 14:54:13,SKU-357,36.27,4446.0,40
2026-04-03 14:54:13,SKU-279,1.08,320.54,1
2026-07-13 14:54:13,SKU-128,36.42,10600.18,34
2026-01-26 14:54:13,SKU-186,39.65,4495.92,44
2025-12-23 14:54:13,SKU-452,48.01,14719.08,46
2026-01-18 14:54:13,SKU-471,36.03,5516.28,33
2025-11-24 14:54:13,SKU-321,34.68,3413.26,34
2026-02-18 14:54:13,SKU-088,25.0,12433.25,25
2026-01-06 14:54:13,SKU-273,11.87,921.83,13
2026-04-30 14:54:13,SKU-004,27.0,2080.0,26
2026-05-03 14:54:13,SKU-491,38.34,1682.76,37
2026-04-01 14:54:13,SKU-172,42.57,606.84,39
2025-10-25 14:54:13,SKU-275,20.8,10207.12,22
2026-01-15 14:54:13,SKU-376,49.92,18922.56,46
2025-10-24 14:54:13,SKU-149,40.11,8147.77,37
2026-05-11 14:54:13,SKU-058,40.61,10992.52,44
2025-09-27 14:54:13,SKU-229,11.38,2149.08,12
2026-08-03 14:54:13,SKU-254,22.16,9818.7,23
2026-03-20 14:54:13,SKU-446,31.42,4102.8,30
2026-07-10 14:54:13,SKU-049,46.68,630.27,47
2026-05-11 14:54:13,SKU-472,36.7,3786.3,35
2025-08-17 14:54:13,SKU-160,12.71,2942.55,13
2026-07-01 14:54:13,SKU-368,36.13,7356.96,36
2026-01-16 14:54:13,SKU-365,9.97,434.4,10
2026-07-08 14:54:13,SKU-470,30.0,7255.36,32
2025-12-14 14:54:13,SKU-125,21.31,4847.0,20
2026-02-13 14:54:13,SKU-424,12.55,3825.12,13
2025-12-05 14:54:13,SKU-104,24.17,9777.68,22
2026-01-01 14:54:13,SKU-093,47.79,4763.3,46
2025-08-13 14:54:13,SKU-418,3.86,153.36,4
2026-06-14 14:54:13,SKU-138,29.06,3339.35,29
2026-07-23 14:54:13,SKU-066,5.35,1705.45,5
2025-09-12 14:54:13,SKU-087,4.32,87.64,4
2025-11-06 14:54:13,SKU-213,47.32,19911.76,44
2026-03-14 14:54:13,SKU-240,48.45,17617.46,49
2025-12-02 14:54:13,SKU-049,2.15,26.82,2
2025-12-20 14:54:13,SKU-025,10.85,5312.78,11
2026-02-24 14:54:13,SKU-450,9.75,656.46,9
2025-11-03 14:54:13,SKU-157,9.29,3055.77,9
2025-10-21 14:54:13,SKU-375,31.2,9397.96,31
2026-04-13 14:54:13,SKU-264,20.7,8110.41,21
2026-04-26 14:54:13,SKU-471,4.91,835.8,5
2025-08-14 14:54:13,SKU-188,35.88,7276.23,39
2025-08-25 14:54:13,SKU-125,30.86,8239.9,34
2026-04-30 14:54:13,SKU-240,43.74,14381.6,40
2026-03-29 14:54:13,SKU-320,27.42,2485.2,30
2025-12-06 14:54:13,SKU-156,18.32,3073.4,20
2026-02-19 14:54:13,SKU-389,13.75,7090.35,15
2026-04-06 14:54:13,SKU-168,45.11,12601.26,42
2025-11-13 14:54:13,SKU-069,14.2,3420.95,13
2025-10-11 14:54:13,SKU-406,14.17,5409.3,15
2025-12-25 14:54:13,SKU-048,1.02,410.83,1
2025-11-25 14:54:13,SKU-256,42.07,22439.7,45
2026-05-31 14:54:13,SKU-398,41.64,17454.0,40
2025-12-15 14:54:13,SKU-016,27.82,10012.83,29
2026-04-26 14:54:13,SKU-134,14.7,4552.94,14
2026-07-27 14:54:13,SKU-480,11.43,3383.38,11
2026-01-16 14:54:13,SKU-114,31.94,13188.12,33
2025-08-25 14:54:13,SKU-385,39.79,1084.84,37
2025-09-06 14:54:13,SKU-432,46.52,5187.16,44
2025-11-14 14:54:13,SKU-030,21.65,8922.16,23
2025-09-11 14:54:13,SKU-290,41.69,1030.77,39
2026-03-04 14:54:13,SKU-427,3.07,1434.81,3
2026-07-13 14:54:13,SKU-043,49.72,15164.64,48
2026-06-25 14:54:13,SKU-074,48.32,2407.81,47
2026-08-04 14:54:13,SKU-323,10.45,4018.9,10
2026-06-17 14:54:13,SKU-302,48.86,21470.04,46
2026-05-19 14:54:13,SKU-353,27.35,9414.9,27
2025-10-22 14:54:13,SKU-026,48.3,7116.76,49
2025-08-13 14:54:13,SKU-268,18.22,1959.3,18
2026-07-14 14:54:13,SKU-391,44.24,18727.65,45
2026-01-24 14:54:13,SKU-115,8.83,3371.22,9
2025-12-04 14:54:13,SKU-268,24.78,2612.4,24
2026-07-05 14:54:13,SKU-360,13.69,1247.09,13
2026-03-07 14:54:13,SKU-490,7.08,1256.85,7
2025-09-03 14:54:13,SKU-382,2.12,763.86,2
2026-01-18 14:54:13,SKU-092,20.75,8987.37,21
2026-06-08 14:54:13,SKU-053,42.96,21672.0,45
2026-06-13 14:54:13,SKU-262,44.93,4525.92,42
2026-02-23 14:54:13,SKU-338,24.2,11819.0,25
2025-09-15 14:54:13,SKU-273,26.83,1843.66,26
2025-08-28 14:54:13,SKU-277,19.73,1958.4,18
2026-06-13 14:54:13,SKU-136,16.04,2987.85,15
2025-10-11 14:54:13,SKU-292,0.99,60.43,1
2026-04-24 14:54:13,SKU-298,29.51,5740.48,32
2025-11-18 14:54:13,SKU-175,40.62,4928.82,39
2025-12-09 14:54:13,SKU-150,43.61,5703.3,45
2026-03-17 14:54:13,SKU-072,10.58,1466.5,10
2026-04-11 14:54:13,SKU-123,10.9,1952.72,11
2026-03-23 14:54:13,SKU-190,18.37,3071.73,19
2025-11-17 14:54:13,SKU-466,47.21,14220.53,43
2026-01-09 14:54:13,SKU-181,34.9,11925.5,34
2025-08-20 14:54:13,SKU-185,1.85,124.62,2
2025-09-17 14:54:13,SKU-123,40.68,7633.36,43
2026-06-07 14:54:13,SKU-156,1.02,153.67,1
2025-12-21 14:54:13,SKU-393,45.87,18633.3,42
2025-10-07 14:54:13,SKU-082,19.78,3993.78,21
2025-10-18 14:54:13,SKU-131,22.64,8628.5,25
2025-10-21 14:54:13,SKU-177,17.8,8193.66,17
2025-12-01 14:54:13,SKU-070,39.9,19926.4,40
2025-11-29 14:54:13,SKU-263,41.37,10515.18,39
2026-05-21 14:54:13,SKU-008,15.06,319.5,15
2026-07-18 14:54:13,SKU-047,9.75,1433.4,10
2025-12-19 14:54:13,SKU-289,13.25,4989.88,14
2026-01-21 14:54:13,SKU-061,12.68,1090.05,13
2025-12-21 14:54:13,SKU-246,23.88,6056.25,25
2025-09-17 14:54:13,SKU-434,41.96,9852.18,39
2025-09-27 14:54:13,SKU-376,42.35,16865.76,41
2026-03-16 14:54:13,SKU-077,0.92,247.95,1
2025-11-03 14:54:13,SKU-388,22.22,2296.14,22
2026-05-30 14:54:13,SKU-314,52.17,22541.96,49
2025-09-08 14:54:13,SKU-129,23.52,740.6,23
2026-01-08 14:54:13,SKU-180,5.09,2301.85,5
2026-02-03 14:54:13,SKU-134,22.39,7154.62,22
2025-08-14 14:54:13,SKU-204,8.49,1049.6,8
2025-12-16 14:54:13,SKU-415,46.62,11754.9,45
2026-01-25 14:54:13,SKU-136,30.86,6573.27,33
2026-01-13 14:54:13,SKU-005,42.98,19410.4,40
2025-12-25 14:54:13,SKU-343,2.16,349.14,2
2025-12-04 14:54:13,SKU-307,50.15,24135.93,49
2025-08-13 14:54:13,SKU-414,8.99,2954.97,9
2025-09-29 14:54:13,SKU-494,48.67,16348.48,47
2025-09-17 14:54:13,SKU-478,13.72,6852.0,15
2026-02-16 14:54:13,SKU-338,2.93,1418.28,3
2026-06-22 14:54:13,SKU-368,46.62,10013.64,49
2025-09-20 14:54:13,SKU-345,11.35,3789.96,12
2025-11-18 14:54:13,SKU-115,24.87,9364.5,25
2026-06-30 14:54:13,SKU-316,14.33,3558.8,14
2025-08-27 14:54:13,SKU-445,2.2,565.06,2
2026-04-30 14:54:13,SKU-074,33.08,1844.28,36
2026-05-18 14:54:13,SKU-336,37.64,5195.11,41
2026-06-18 14:54:13,SKU-127,5.5,1426.14,6
2026-03-30 14:54:13,SKU-423,3.17,819.36,3
2026-05-14 14:54:13,SKU-103,40.57,18052.2,45
2026-05-15 14:54:13,SKU-289,30.43,10692.6,30
2026-03-13 14:54:13,SKU-004,48.31,3520.0,44
2025-10-23 14:54:13,SKU-209,32.2,5628.35,35
2025-11-11 14:54:13,SKU-436,10.96,5203.2,12
2026-06-09 14:54:13,SKU-010,2.06,379.04,2
2025-11-04 14:54:13,SKU-278,23.8,2634.84,26
2025-11-13 14:54:13,SKU-405,39.37,10276.14,43
2026-01-18 14:54:13,SKU-014,7.14,3382.12,7
2026-03-13 14:54:13,SKU-075,47.88,14137.92,48
2025-09-15 14:54:13,SKU-143,26.83,9839.2,28
2026-02-18 14:54:13,SKU-260,10.56,1471.9,10
2026-04-13 14:54:13,SKU-158,41.51,18302.02,46
2026-02-28 14:54:13,SKU-491,31.81,1455.36,32
2026-03-16 14:54:13,SKU-067,14.97,1686.75,15
2026-01-04 14:54:13,SKU-274,11.72,1325.4,12
2026-07-23 14:54:13,SKU-152,46.15,21542.88,48
2026-07-30 14:54:13,SKU-431,27.03,915.3,27
2026-07-28 14:54:13,SKU-041,4.14,438.0,4
2025-12-24 14:54:13,SKU-378,22.79,4111.36,22
2026-06-08 14:54:13,SKU-406,29.25,10818.6,30
2025-10-28 14:54:13,SKU-400,4.92,2494.95,5
2025-10-23 14:54:13,SKU-189,5.41,1760.5,5
2025-09-04 14:54:13,SKU-082,8.75,1521.44,8
2026-05-15 14:54:13,SKU-002,8.23,691.6,8
2025-10-17 14:54:13,SKU-072,30.47,4399.5,30
2025-10-31 14:54:13,SKU-343,29.66,5062.53,29
2026-02-01 14:54:13,SKU-052,16.53,3741.84,18
2025-12-03 14:54:13,SKU-353,29.85,9763.6,28
2026-03-29 14:54:13,SKU-248,35.99,9288.12,34
2026-07-09 14:54:13,SKU-031,23.15,4455.6,24
2026-01-18 14:54:13,SKU-211,30.73,9869.64,33
2026-08-02 14:54:13,SKU-220,37.32,15857.57,41
2025-12-27 14:54:13,SKU-242,31.19,6752.13,33
2025-09-21 14:54:13,SKU-057,34.25,10908.22,34
2025-08-12 14:54:13,SKU-180,18.94,8747.03,19
2025-11-23 14:54:13,SKU-138,8.45,921.2,8
2025-11-23 14:54:13,SKU-331,20.53,448.8,20
2026-05-02 14:54:13,SKU-127,8.0,1901.52,8
2026-07-29 14:54:13,SKU-226,40.35,17975.22,41
2026-03-17 14:54:13,SKU-319,22.47,2042.04,21
2026-07-17 14:54:13,SKU-419,3.83,1858.4,4
2026-02-16 14:54:13,SKU-336,36.35,4434.85,35
2026-07-12 14:54:13,SKU-277,45.24,5113.6,47
2025-12-09 14:54:13,SKU-490,14.97,2693.25,15
2026-06-18 14:54:13,SKU-216,44.25,22198.96,49
2025-09-07 14:54:13,SKU-321,39.3,3614.04,36
2025-10-14 14:54:13,SKU-328,28.4,2577.64,26
2025-10-23 14:54:13,SKU-305,11.11,2613.84,12
2026-02-15 14:54:13,SKU-192,12.24,5476.2,12
2026-05-07 14:54:13,SKU-081,34.26,5472.3,34
2025-09-14 14:54:13,SKU-209,0.96,160.81,1
2025-09-15 14:54:13,SKU-498,13.72,532.05,15
2025-09-21 14:54:13,SKU-243,5.19,496.6,5
2025-10-18 14:54:13,SKU-039,12.16,1968.36,12
2025-09-15 14:54:13,SKU-204,11.14,1574.4,12
2026-06-05 14:54:13,SKU-307,34.5,16747.38,34
2026-01-03 14:54:13,SKU-049,28.62,388.89,29
2025-09-03 14:54:13,SKU-473,27.64,10448.99,29
2025-08-20 14:54:13,SKU-294,37.42,10157.61,37
2025-12-14 14:54:13,SKU-215,11.33,2224.2,11
2025-12-02 14:54:13,SKU-455,22.62,8143.38,21
2026-03-15 14:54:13,SKU-266,45.29,14147.0,47
2026-03-30 14:54:13,SKU-431,37.45,1356.0,40
2026-03-27 14:54:13,SKU-390,1.85,847.66,2
2026-05-16 14:54:13,SKU-388,12.3,1356.81,13
2026-06-03 14:54:13,SKU-016,26.4,8977.02,26
2026-05-05 14:54:13,SKU-367,38.44,5756.83,37
2025-08-30 14:54:13,SKU-178,2.12,970.48,2
2025-11-26 14:54:13,SKU-422,32.38,13112.32,32
2025-11-15 14:54:13,SKU-164,15.69,3065.4,15
2025-12-19 14:54:13,SKU-238,27.1,5532.33,29
2025-12-11 14:54:13,SKU-133,32.72,9051.38,31
2026-02-24 14:54:13,SKU-118,24.53,2252.9,26
2026-04-30 14:54:13,SKU-211,37.85,10766.88,36
2026-01-10 14:54:13,SKU-087,31.08,657.3,30
2025-11-13 14:54:13,SKU-285,18.64,3986.1,18
2025-12-20 14:54:13,SKU-246,0.94,242.25,1
2026-02-08 14:54:13,SKU-143,7.34,2811.2,8
2026-03-29 14:54:13,SKU-434,21.49,5557.64,22
2026-05-29 14:54:13,SKU-130,20.96,9347.6,20
2025-10-04 14:54:13,SKU-376,1.83,822.72,2
2026-04-20 14:54:13,SKU-441,4.82,438.6,5
2026-03-10 14:54:13,SKU-312,31.24,9292.88,34
2025-10-04 14:54:13,SKU-056,21.97,4228.2,20
2026-01-10 14:54:13,SKU-340,14.74,322.0,14
2026-03-02 14:54:13,SKU-492,49.61,21237.12,48
2025-08-26 14:54:13,SKU-258,30.99,7514.1,30
2026-01-23 14:54:13,SKU-445,41.22,12713.85,45
2026-05-17 14:54:13,SKU-426,28.62,2203.8,30
2026-02-07 14:54:13,SKU-379,42.81,17919.72,39
2026-07-12 14:54:13,SKU-407,20.69,3063.06,21
2026-06-23 14:54:13,SKU-004,46.67,3760.0,47
2025-12-21 14:54:13,SKU-251,32.52,11077.2,36
2026-01-29 14:54:13,SKU-402,33.98,7597.79,31
2026-02-01 14:54:13,SKU-405,28.13,7169.4,30
2025-09-20 14:54:13,SKU-196,40.98,11042.1,45
2026-01-15 14:54:13,SKU-208,12.73,3444.35,13
2026-04-12 14:54:13,SKU-173,41.77,14923.2,40
2026-03-10 14:54:13,SKU-335,21.56,1949.8,20
2025-12-21 14:54:13,SKU-443,30.7,2340.8,32
2026-05-30 14:54:13,SKU-282,13.27,2049.84,13
2025-12-29 14:54:13,SKU-025,21.69,11591.52,24
2026-07-04 14:54:13,SKU-247,9.05,2951.28,9
2026-02-15 14:54:13,SKU-383,20.45,9053.0,20
2026-01-27 14:54:13,SKU-054,11.18,1731.73,11
2025-08-21 14:54:13,SKU-381,27.46,7439.31,27
2025-09-17 14:54:13,SKU-290,23.82,607.89,23
2026-01-13 14:54:13,SKU-387,14.78,2286.2,14
2026-02-08 14:54:13,SKU-186,5.4,510.9,5
2026-03-04 14:54:13,SKU-422,15.31,5736.64,14
2025-08-18 14:54:13,SKU-241,7.39,500.08,8
2026-01-14 14:54:13,SKU-095,39.93,19217.52,41
2026-01-12 14:54:13,SKU-269,17.46,2560.63,19
2026-04-07 14:54:13,SKU-179,8.79,281.43,9
2026-02-06 14:54:13,SKU-224,2.74,706.38,3
2025-08-24 14:54:13,SKU-197,3.27,903.36,3
2025-10-21 14:54:13,SKU-171,41.08,19072.62,42
2026-01-11 14:54:13,SKU-447,16.47,5621.22,18
2025-08-17 14:54:13,SKU-057,47.75,15399.84,48
2026-06-22 14:54:13,SKU-080,31.53,6255.81,33
2025-08-13 14:54:13,SKU-384,37.13,18770.48,38
2025-09-21 14:54:13,SKU-260,8.91,1324.71,9
2025-11-15 14:54:13,SKU-145,21.46,8074.2,20
2025-09-06 14:54:13,SKU-436,40.2,18644.8,43
2025-08-18 14:54:13,SKU-094,21.03,2047.1,22
2026-04-13 14:54:13,SKU-138,0.93,115.15,1
2026-05-02 14:54:13,SKU-487,20.89,7842.6,20
2025-09-15 14:54:13,SKU-292,8.96,543.87,9
2026-05-30 14:54:13,SKU-069,36.38,9999.7,38
2026-08-08 14:54:13,SKU-490,29.21,5745.6,32
2026-06-05 14:54:13,SKU-228,41.05,5266.36,44
2026-03-21 14:54:13,SKU-458,26.55,9433.25,25
2026-01-26 14:54:13,SKU-231,8.83,2122.02,9
2026-02-22 14:54:13,SKU-258,7.45,2003.76,8
2025-12-01 14:54:13,SKU-014,12.77,6281.08,13
2026-06-26 14:54:13,SKU-408,40.66,2545.6,40
2026-06-19 14:54:13,SKU-492,35.92,14600.52,33
2026-01-20 14:54:13,SKU-146,12.57,1163.4,12
2026-03-21 14:54:13,SKU-493,9.49,485.0,10
2026-01-24 14:54:13,SKU-034,7.9,2397.92,8
2026-01-07 14:54:13,SKU-491,18.43,909.6,20
2025-09-08 14:54:13,SKU-043,41.86,13269.06,42
2026-02-07 14:54:13,SKU-031,31.24,6312.1,34
2026-08-02 14:54:13,SKU-294,3.87,1098.12,4
2025-09-14 14:54:13,SKU-012,5.58,2588.22,6
2026-04-12 14:54:13,SKU-328,48.11,4560.44,46
2025-10-20 14:54:13,SKU-048,14.13,6162.45,15
2025-10-17 14:54:13,SKU-239,22.61,892.1,22
2026-01-12 14:54:13,SKU-022,43.37,13936.62,46
2025-12-03 14:54:13,SKU-300,23.03,1873.08,22
2026-04-19 14:54:13,SKU-230,9.4,230.22,9
2026-06-07 14:54:13,SKU-073,19.56,8592.0,20
2026-05-12 14:54:13,SKU-220,15.23,6188.32,16
2025-10-23 14:54:13,SKU-136,19.05,3585.42,18
2025-09-29 14:54:13,SKU-043,3.18,947.79,3
2026-05-21 14:54:13,SKU-059,45.14,8791.98,46
2025-12-30 14:54:13,SKU-303,7.23,2779.98,7
2026-03-19 14:54:13,SKU-415,45.49,10971.24,42
2025-09-30 14:54:13,SKU-251,30.41,8923.3,29
2026-07-22 14:54:13,SKU-399,12.14,3230.16,12
2025-10-18 14:54:13,SKU-041,3.62,438.0,4
2025-09-10 14:54:13,SKU-361,3.14,645.6,3
2026-02-04 14:54:13,SKU-090,17.24,8109.17,17
2026-07-20 14:54:13,SKU-322,10.76,2251.59,11
2025-11-23 14:54:13,SKU-471,20.64,3176.04,19
2025-08-25 14:54:13,SKU-371,22.78,5317.62,21
2026-07-20 14:54:13,SKU-235,7.12,78.89,7
2026-05-26 14:54:13,SKU-381,52.87,13500.97,49
2026-07-26 14:54:13,SKU-042,7.35,2803.52,8
2026-07-11 14:54:13,SKU-455,32.93,12021.18,31
2026-02-06 14:54:13,SKU-353,31.88,12204.5,35
2026-03-26 14:54:13,SKU-389,17.58,8035.73,17
2025-12-10 14:54:13,SKU-142,27.34,4295.19,29
2026-04-24 14:54:13,SKU-360,30.34,2781.97,29
2026-03-19 14:54:13,SKU-165,5.11,409.2,5
2026-07-20 14:54:13,SKU-124,19.48,1066.66,19
2025-12-23 14:54:13,SKU-129,15.85,547.4,17
2025-10-20 14:54:13,SKU-427,17.38,8130.59,17
2025-09-01 14:54:13,SKU-285,36.81,8415.1,38
2026-04-13 14:54:13,SKU-477,45.57,16818.06,42
2026-03-11 14:54:13,SKU-151,24.03,6696.82,26
2026-05-13 14:54:13,SKU-405,21.85,5496.54,23
2026-04-24 14:54:13,SKU-021,15.57,3455.7,15
2026-05-07 14:54:13,SKU-447,19.73,5933.51,19
2026-04-29 14:54:13,SKU-290,42.07,1189.35,45
2025-12-06 14:54:13,SKU-117,4.99,1051.95,5
2025-12-17 14:54:13,SKU-461,12.95,4482.53,13
2026-06-20 14:54:13,SKU-199,24.65,5991.5,25
2026-01-30 14:54:13,SKU-017,12.75,3536.96,14
2026-03-13 14:54:13,SKU-184,25.9,11003.28,24
2025-10-03 14:54:13,SKU-123,27.52,4793.04,27
2025-09-24 14:54:13,SKU-104,22.07,10222.12,23
2026-02-15 14:54:13,SKU-465,40.67,5779.4,37
2026-04-28 14:54:13,SKU-375,50.25,13945.36,46
2025-08-16 14:54:13,SKU-049,9.29,134.1,10
2026-01-02 14:54:13,SKU-023,47.02,22124.62,46
2026-01-29 14:54:13,SKU-041,48.43,5037.0,46
2025-10-01 14:54:13,SKU-306,6.12,2781.18,6
2026-01-08 14:54:13,SKU-442,41.13,19236.8,44
2026-08-10 14:54:13,SKU-118,30.53,2686.15,31
2025-10-16 14:54:13,SKU-436,30.35,12140.8,28
2026-01-12 14:54:13,SKU-274,9.48,1104.5,10
2025-10-22 14:54:13,SKU-467,3.72,1903.68,4
2025-10-21 14:54:13,SKU-048,53.48,20130.67,49
2026-06-15 14:54:13,SKU-391,28.42,12901.27,31
2025-09-09 14:54:13,SKU-304,35.0,12801.03,33
2025-11-10 14:54:13,SKU-007,49.27,7794.92,49
2026-08-03 14:54:13,SKU-063,14.37,1768.8,15
2026-07-23 14:54:13,SKU-478,16.04,7765.6,17
2025-10-10 14:54:13,SKU-406,25.48,9376.12,26
2026-07-20 14:54:13,SKU-040,7.74,1057.2,8
2025-08-31 14:54:13,SKU-299,3.2,533.52,3
2025-09-06 14:54:13,SKU-411,9.1,1931.49,9
2026-07-22 14:54:13,SKU-161,30.57,9964.08,28
2026-03-10 14:54:13,SKU-287,12.3,3033.12,12
2026-07-12 14:54:13,SKU-034,4.0,1198.96,4
2026-03-15 14:54:13,SKU-366,14.97,2764.2,15
2026-05-10 14:54:13,SKU-386,9.16,984.8,10
2025-11-06 14:54:13,SKU-450,17.48,1385.86,19
2026-06-17 14:54:13,SKU-497,30.68,12576.2,28
2025-12-11 14:54:13,SKU-220,1.07,386.77,1
2025-08-31 14:54:13,SKU-207,34.75,6863.5,37
2026-02-28 14:54:13,SKU-206,9.65,1098.27,9
2025-09-04 14:54:13,SKU-389,44.63,19852.98,42
2026-02-26 14:54:13,SKU-320,21.23,1822.48,22
2025-10-25 14:54:13,SKU-368,9.89,1839.24,9
2026-02-27 14:54:13,SKU-010,26.0,4927.52,26
2026-01-04 14:54:13,SKU-060,39.18,13752.69,43
2026-03-19 14:54:13,SKU-399,48.37,12651.46,47
2026-07-10 14:54:13,SKU-133,1.9,583.96,2
2026-06-14 14:54:13,SKU-044,45.45,20102.92,46
2025-09-26 14:54:13,SKU-340,26.05,621.0,27
2025-11-07 14:54:13,SKU-145,48.92,18570.66,46
2026-01-13 14:54:13,SKU-223,29.22,3574.76,28
2026-03-18 14:54:13,SKU-059,49.79,8983.11,47
2025-11-20 14:54:13,SKU-409,41.94,5145.36,44
2025-09-30 14:54:13,SKU-361,32.07,7316.8,34
2025-12-11 14:54:13,SKU-077,12.86,3223.35,13
2025-08-31 14:54:13,SKU-230,42.17,1125.52,44
2025-12-23 14:54:13,SKU-251,24.02,8000.2,26
2026-06-04 14:54:13,SKU-177,22.28,11085.54,23
2026-07-11 14:54:13,SKU-361,52.57,10329.6,48
2025-11-14 14:54:13,SKU-016,34.78,12774.99,37
2025-08-12 14:54:13,SKU-302,22.66,10735.02,23
2025-11-29 14:54:13,SKU-003,49.03,11516.47,49
2026-03-18 14:54:13,SKU-022,23.03,6362.37,21
2025-10-14 14:54:13,SKU-390,19.05,8900.43,21
2025-12-01 14:54:13,SKU-131,32.53,10354.2,30
2025-08-30 14:54:13,SKU-211,21.13,6878.84,23
2026-05-08 14:54:13,SKU-488,36.9,2333.96,38
2026-06-19 14:54:13,SKU-194,14.43,3224.1,15
2026-02-28 14:54:13,SKU-163,14.05,833.7,14
2025-11-17 14:54:13,SKU-014,32.23,15944.28,33
2025-08-29 14:54:13,SKU-034,21.76,7193.76,24
2025-10-26 14:54:13,SKU-164,32.46,6539.52,32
2026-04-09 14:54:13,SKU-208,3.27,794.85,3
2026-04-17 14:54:13,SKU-202,24.11,6207.52,22
2026-04-01 14:54:13,SKU-331,44.94,1077.12,48
2025-09-11 14:54:13,SKU-143,3.14,1054.2,3
2026-04-03 14:54:13,SKU-269,20.25,2830.17,21
2026-05-12 14:54:13,SKU-494,39.31,13565.76,39
2026-02-18 14:54:13,SKU-063,37.61,4363.04,37
2026-01-03 14:54:13,SKU-330,43.52,13999.08,43
2026-03-08 14:54:13,SKU-276,9.91,863.39,11
2025-10-31 14:54:13,SKU-044,31.37,14858.68,34
2025-10-23 14:54:13,SKU-055,1.0,140.72,1
2025-12-25 14:54:13,SKU-231,29.51,7309.18,31
2025-11-30 14:54:13,SKU-355,36.59,10822.13,37
2025-09-12 14:54:13,SKU-447,3.94,1249.16,4
2026-05-02 14:54:13,SKU-436,32.04,13008.0,30
2025-10-25 14:54:13,SKU-389,0.94,472.69,1
2026-01-27 14:54:13,SKU-466,42.78,15212.66,46
2025-10-16 14:54:13,SKU-061,19.99,1844.7,22
2026-08-09 14:54:13,SKU-492,45.92,20794.68,47
2026-05-29 14:54:13,SKU-123,20.06,3727.92,21
2026-05-19 14:54:13,SKU-304,12.21,5042.83,13
2026-03-31 14:54:13,SKU-384,24.61,12842.96,26
2026-07-11 14:54:13,SKU-271,6.07,1085.7,6
2025-12-24 14:54:13,SKU-028,27.66,3113.73,29
2026-04-08 14:54:13,SKU-376,26.13,9872.64,24
2026-03-26 14:54:13,SKU-434,33.97,7831.22,31
2026-08-07 14:54:13,SKU-002,3.2,259.35,3
2025-12-23 14:54:13,SKU-308,11.26,2073.0,12
2026-07-24 14:54:13,SKU-346,14.39,6478.8,15
2026-04-18 14:54:13,SKU-125,13.56,3392.9,14
2026-06-16 14:54:13,SKU-093,5.88,621.3,6
2026-07-10 14:54:13,SKU-220,15.33,5414.78,14
2026-07-31 14:54:13,SKU-091,41.65,12638.25,45
2026-08-06 14:54:13,SKU-002,40.99,3890.25,45
2026-08-10 14:54:13,SKU-024,3.94,571.84,4
2026-03-05 14:54:13,SKU-084,51.08,19573.54,49
2025-12-17 14:54:13,SKU-170,41.11,10777.56,38
2026-06-07 14:54:13,SKU-199,11.78,3115.58,13
2026-07-25 14:54:13,SKU-014,2.75,1449.48,3
2025-12-26 14:54:13,SKU-065,13.17,6121.18,13
2025-11-18 14:54:13,SKU-142,10.92,1481.1,10
2026-06-17 14:54:13,SKU-099,6.36,2479.54,7
2026-07-11 14:54:13,SKU-066,9.0,3069.81,9
2026-03-29 14:54:13,SKU-382,19.32,6874.74,18
2026-05-16 14:54:13,SKU-152,11.29,5385.72,12
2025-10-13 14:54:13,SKU-254,26.38,11099.4,26
2025-12-18 14:54:13,SKU-162,5.15,1915.7,5
2025-10-17 14:54:13,SKU-246,5.82,1453.5,6
2025-11-25 14:54:13,SKU-403,44.65,17390.25,45
2025-10-14 14:54:13,SKU-141,5.86,2063.94,6
2025-10-28 14:54:13,SKU-155,37.02,9893.32,34
2025-11-05 14:54:13,SKU-377,50.51,16819.2,48
2026-06-30 14:54:13,SKU-463,39.62,9628.52,44
2026-05-31 14:54:13,SKU-223,9.2,1276.7,10
2026-04-01 14:54:13,SKU-219,5.55,492.42,6
2025-08-25 14:54:13,SKU-052,4.16,831.52,4
2026-08-05 14:54:13,SKU-184,6.59,3209.29,7
2026-04-12 14:54:13,SKU-241,45.33,2812.95,45
2026-05-24 14:54:13,SKU-186,2.02,204.36,2
2026-01-03 14:54:13,SKU-013,30.96,1256.4,30
2025-12-03 14:54:13,SKU-141,25.39,8255.76,24
2026-06-16 14:54:13,SKU-157,5.13,1697.65,5
2025-10-26 14:54:13,SKU-183,4.97,1587.5,5
2026-06-24 14:54:13,SKU-038,22.32,4955.94,22
2026-01-11 14:54:13,SKU-424,45.04,13240.8,45
2026-06-16 14:54:13,SKU-221,21.66,10784.84,22
2025-09-17 14:54:13,SKU-220,15.28,5414.78,14
2026-03-01 14:54:13,SKU-235,8.76,101.43,9
2026-01-29 14:54:13,SKU-495,5.5,181.08,6
2026-04-11 14:54:13,SKU-272,15.02,6255.0,15
2026-02-21 14:54:13,SKU-131,35.94,12770.18,37
2025-12-01 14:54:13,SKU-381,36.53,10470.14,38
2026-03-16 14:54:13,SKU-327,50.91,9699.39,47
2026-01-15 14:54:13,SKU-052,39.98,8938.84,43
2026-07-16 14:54:13,SKU-269,24.53,3504.02,26
2025-09-20 14:54:13,SKU-393,52.09,21295.2,48
2026-04-09 14:54:13,SKU-006,32.03,3369.06,34
2025-08-16 14:54:13,SKU-297,2.1,551.86,2
2026-01-13 14:54:13,SKU-272,23.02,8757.0,21
2026-04-09 14:54:13,SKU-138,9.01,1151.5,10
2026-05-12 14:54:13,SKU-408,32.42,2100.12,33
2025-09-21 14:54:13,SKU-195,11.55,385.92,12
2025-12-22 14:54:13,SKU-084,31.59,13581.64,34
2025-08-19 14:54:13,SKU-030,27.95,10473.84,27
2026-07-20 14:54:13,SKU-168,46.76,14701.47,49
2026-06-12 14:54:13,SKU-228,13.11,1436.28,12
2026-02-15 14:54:13,SKU-457,17.14,8125.92,19
2025-08-27 14:54:13,SKU-382,2.09,763.86,2
2026-03-29 14:54:13,SKU-123,44.36,8520.96,48
2026-07-23 14:54:13,SKU-246,7.32,1695.75,7
2026-03-13 14:54:13,SKU-328,31.56,3172.48,32
2026-05-31 14:54:13,SKU-082,12.81,2282.16,12
2026-05-02 14:54:13,SKU-230,7.86,204.64,8
2026-02-26 14:54:13,SKU-307,35.47,16747.38,34
2025-11-20 14:54:13,SKU-031,3.11,556.95,3
2026-05-22 14:54:13,SKU-299,10.92,1778.4,10
2026-07-26 14:54:13,SKU-286,17.38,3133.8,18
2026-06-09 14:54:13,SKU-457,23.61,10264.32,24
2026-05-16 14:54:13,SKU-387,11.09,1796.3,11
2025-12-12 14:54:13,SKU-420,14.04,1237.73,13
2025-12-09 14:54:13,SKU-422,25.73,10653.76,26
2025-10-27 14:54:13,SKU-148,49.11,5962.95,45
2026-05-17 14:54:13,SKU-304,14.37,5818.65,15
2026-04-09 14:54:13,SKU-470,42.59,9069.2,40
2026-03-16 14:54:13,SKU-375,13.51,4244.24,14
2026-06-17 14:54:13,SKU-381,15.4,4408.48,16
2026-06-19 14:54:13,SKU-010,23.57,4738.0,25
2025-12-01 14:54:13,SKU-086,49.11,5893.92,48
2025-08-14 14:54:13,SKU-302,32.56,14002.2,30
2026-06-24 14:54:13,SKU-171,33.42,16347.96,36
2025-12-16 14:54:13,SKU-124,19.68,1178.94,21
2025-10-14 14:54:13,SKU-004,23.94,2080.0,26
2025-12-25 14:54:13,SKU-386,47.09,4431.6,45
2025-09-21 14:54:13,SKU-176,42.42,6150.0,41
2026-03-26 14:54:13,SKU-218,38.22,18167.52,42
2026-04-18 14:54:13,SKU-067,42.24,4610.45,41
2026-07-18 14:54:13,SKU-360,7.49,767.44,8
2026-01-04 14:54:13,SKU-199,36.31,9586.4,40
2025-12-10 14:54:13,SKU-193,13.93,2783.95,13
2026-06-03 14:54:13,SKU-349,40.37,10396.68,42
2026-07-05 14:54:13,SKU-098,34.62,6385.9,38
2025-08-18 14:54:13,SKU-265,44.58,20534.36,44
2026-05-06 14:54:13,SKU-195,18.22,611.04,19
2026-08-01 14:54:13,SKU-049,18.6,241.38,18
2026-07-23 14:54:13,SKU-066,15.37,5798.53,17
2026-04-21 14:54:13,SKU-121,18.92,4312.0,20
2025-10-05 14:54:13,SKU-274,10.55,1214.95,11
2026-08-02 14:54:13,SKU-475,43.71,19603.35,45
2026-03-10 14:54:13,SKU-002,4.32,345.8,4
2026-04-20 14:54:13,SKU-024,51.32,6862.08,48
2026-02-02 14:54:13,SKU-488,45.8,2763.9,45
2025-09-15 14:54:13,SKU-442,1.81,874.4,2
2026-02-03 14:54:13,SKU-274,7.57,883.6,8
2026-05-16 14:54:13,SKU-489,2.13,986.92,2
2026-06-11 14:54:13,SKU-411,31.69,7296.74,34
2026-07-06 14:54:13,SKU-362,37.96,8238.4,38
2025-12-29 14:54:13,SKU-017,49.93,12126.72,48
2026-04-12 14:54:13,SKU-320,1.83,165.68,2
2026-02-25 14:54:13,SKU-087,38.41,832.58,38
2025-10-25 14:54:13,SKU-140,19.19,6294.7,19
2025-09-29 14:54:13,SKU-401,36.37,15436.8,40
2025-08-22 14:54:13,SKU-394,14.34,5477.1,15
2026-05-29 14:54:13,SKU-028,0.95,107.37,1
2026-06-09 14:54:13,SKU-098,18.3,2856.85,17
2026-02-05 14:54:13,SKU-300,35.98,2809.62,33
2026-04-05 14:54:13,SKU-282,32.67,5676.48,36
2026-06-15 14:54:13,SKU-257,5.49,2910.24,6
2026-04-12 14:54:13,SKU-249,5.38,1432.9,5
2026-02-01 14:54:13,SKU-435,12.27,5383.17,13
2026-06-21 14:54:13,SKU-066,4.17,1364.36,4
2026-05-03 14:54:13,SKU-498,12.07,461.11,13
2025-08-25 14:54:13,SKU-218,44.42,19897.76,46
2026-03-30 14:54:13,SKU-406,27.01,9015.5,25
2025-11-28 14:54:13,SKU-136,32.26,6573.27,33
2026-02-16 14:54:13,SKU-424,8.81,2648.16,9
2026-06-04 14:54:13,SKU-210,5.41,1424.3,5
2025-09-11 14:54:13,SKU-198,8.62,3381.12,8
2026-01-03 14:54:13,SKU-341,13.88,4139.66,14
2025-09-23 14:54:13,SKU-410,28.82,12649.92,32
2026-01-17 14:54:13,SKU-423,12.79,3550.56,13
2025-10-19 14:54:13,SKU-103,10.15,4412.76,11
2026-07-29 14:54:13,SKU-148,40.76,5300.4,40
2026-07-01 14:54:13,SKU-035,36.64,8448.65,35
2025-11-29 14:54:13,SKU-149,24.39,5285.04,24
2025-12-28 14:54:13,SKU-226,14.57,7014.72,16
2025-11-10 14:54:13,SKU-162,45.68,17624.44,46
2026-01-10 14:54:13,SKU-415,38.12,10187.58,39
2025-12-05 14:54:13,SKU-065,26.88,11771.5,25
2025-08-16 14:54:13,SKU-082,2.15,380.36,2
2025-11-13 14:54:13,SKU-072,52.63,7039.2,48
2025-10-27 14:54:13,SKU-326,3.17,800.85,3
2026-04-22 14:54:13,SKU-172,43.62,715.76,46
2026-07-05 14:54:13,SKU-192,6.92,3194.45,7
2025-10-12 14:54:13,SKU-434,40.55,10357.42,41
2026-04-27 14:54:13,SKU-393,24.52,11091.25,25
2025-10-31 14:54:13,SKU-134,38.97,13008.4,40
2026-02-21 14:54:13,SKU-128,1.9,623.54,2
2026-08-05 14:54:13,SKU-361,4.12,860.8,4
2025-10-15 14:54:13,SKU-110,36.92,3935.5,34
2025-12-06 14:54:13,SKU-060,39.72,12473.37,39
2025-09-15 14:54:13,SKU-210,17.84,5412.34,19
2026-03-20 14:54:13,SKU-212,25.25,8082.25,25
2025-08-29 14:54:13,SKU-098,39.01,6890.05,41
2026-06-30 14:54:13,SKU-064,33.77,12606.46,31
2025-11-20 14:54:13,SKU-458,51.43,18111.84,48
2025-11-18 14:54:13,SKU-457,34.43,15396.48,36
2025-08-29 14:54:13,SKU-380,13.18,5707.44,12
2026-03-26 14:54:13,SKU-025,24.47,12074.5,25
2026-06-01 14:54:13,SKU-042,28.51,10513.2,30
2025-11-25 14:54:13,SKU-402,45.88,11519.23,47
2026-06-12 14:54:13,SKU-231,6.45,1414.68,6
2026-04-24 14:54:13,SKU-450,32.32,2188.2,30
2025-09-27 14:54:13,SKU-180,25.03,10588.51,23
2025-10-05 14:54:13,SKU-046,37.28,2583.34,37
2026-03-23 14:54:13,SKU-082,16.19,2852.7,15
2026-06-17 14:54:13,SKU-283,34.7,6812.81,37
2026-01-13 14:54:13,SKU-365,28.08,1216.32,28
2026-07-17 14:54:13,SKU-468,14.28,5156.48,14
2026-08-09 14:54:13,SKU-154,11.69,602.03,11
2026-04-30 14:54:13,SKU-401,21.76,7718.4,20
2026-06-20 14:54:13,SKU-236,14.5,822.56,16
2025-09-30 14:54:13,SKU-283,11.34,2025.43,11
2025-12-11 14:54:13,SKU-188,11.56,2238.84,12
2025-12-18 14:54:13,SKU-323,39.31,15271.82,38
2026-07-25 14:54:13,SKU-408,46.28,2991.08,47
2026-07-14 14:54:13,SKU-468,13.43,5156.48,14
2026-05-13 14:54:13,SKU-321,36.76,3413.26,34
2025-09-02 14:54:13,SKU-240,35.99,13662.52,38
2026-05-23 14:54:13,SKU-318,33.35,509.02,31
2025-12-06 14:54:13,SKU-169,6.07,305.52,6
2025-11-11 14:54:13,SKU-132,10.88,4349.3,10
2025-12-17 14:54:13,SKU-294,36.9,10981.2,40
2026-07-13 14:54:13,SKU-102,17.17,4950.64,19
2026-04-04 14:54:13,SKU-143,31.49,10893.4,31
2026-05-28 14:54:13,SKU-382,44.16,15659.13,41
2025-09-24 14:54:13,SKU-184,23.1,9627.87,21
2026-05-26 14:54:13,SKU-253,21.96,2524.8,20
2026-06-22 14:54:13,SKU-021,38.87,8984.82,39
2026-08-07 14:54:13,SKU-123,36.74,6390.72,36
2025-12-23 14:54:13,SKU-327,8.28,1650.96,8
2026-05-17 14:54:13,SKU-088,43.14,19893.2,40
2025-12-24 14:54:13,SKU-431,8.32,305.1,9
2026-07-27 14:54:13,SKU-021,51.87,11058.24,48
2026-03-10 14:54:13,SKU-196,15.84,3926.08,16
2025-11-11 14:54:13,SKU-218,5.17,2162.8,5
2026-07-11 14:54:13,SKU-493,6.17,291.0,6
2026-03-10 14:54:13,SKU-235,31.86,383.18,34
2025-08-12 14:54:13,SKU-446,45.26,6017.44,44
2025-09-28 14:54:13,SKU-482,15.31,580.44,14
2025-11-14 14:54:13,SKU-048,33.31,15200.71,37
2026-02-02 14:54:13,SKU-365,9.08,390.96,9
2026-01-14 14:54:13,SKU-029,46.26,17105.28,48
2025-08-17 14:54:13,SKU-479,45.87,4942.63,49
2026-03-04 14:54:13,SKU-324,41.76,1172.22,42
2026-07-05 14:54:13,SKU-187,39.68,4528.8,37
2026-02-25 14:54:13,SKU-398,7.56,3054.45,7
2026-01-29 14:54:13,SKU-334,22.26,6634.54,22
2026-01-13 14:54:13,SKU-186,41.0,4598.1,45
2026-01-11 14:54:13,SKU-115,2.18,749.16,2
2026-05-27 14:54:13,SKU-384,19.13,9385.24,19
2025-12-21 14:54:13,SKU-269,22.49,3099.71,23
2025-11-30 14:54:13,SKU-088,46.87,23374.51,47
2025-10-06 14:54:13,SKU-463,0.91,218.83,1
2025-09-26 14:54:13,SKU-318,46.66,755.32,46
2026-02-13 14:54:13,SKU-482,33.77,1285.26,31
2026-04-28 14:54:13,SKU-177,30.31,14941.38,31
2026-06-14 14:54:13,SKU-143,44.82,15110.2,43
2025-09-22 14:54:13,SKU-225,5.97,594.72,6
2025-12-18 14:54:13,SKU-063,14.24,1768.8,15
2025-11-22 14:54:13,SKU-073,29.48,12888.0,30
2026-06-09 14:54:13,SKU-238,27.73,5723.1,30
2025-10-08 14:54:13,SKU-321,36.61,3814.82,38
2026-01-03 14:54:13,SKU-251,24.76,8307.9,27
2026-02-03 14:54:13,SKU-058,34.32,7994.56,32
2026-08-01 14:54:13,SKU-301,36.08,11145.96,36
2026-01-22 14:54:13,SKU-480,16.71,4921.28,16
2025-12-09 14:54:13,SKU-302,26.04,11201.76,24
2026-02-05 14:54:13,SKU-302,32.94,16335.9,35
2026-06-07 14:54:13,SKU-170,3.71,1134.48,4
2026-01-15 14:54:13,SKU-463,25.78,5251.92,24
2026-05-16 14:54:13,SKU-418,31.97,1188.54,31
2026-02-25 14:54:13,SKU-481,32.89,9075.84,32
2026-02-06 14:54:13,SKU-166,45.57,5468.32,44
2026-05-21 14:54:13,SKU-216,30.88,14497.28,32
2026-03-28 14:54:13,SKU-098,0.96,168.05,1
2025-11-13 14:54:13,SKU-042,0.92,350.44,1
2026-05-08 14:54:13,SKU-167,32.88,14565.54,33
2026-03-24 14:54:13,SKU-489,16.58,8388.82,17
2025-08-16 14:54:13,SKU-362,28.44,6720.8,31
2026-07-01 14:54:13,SKU-296,11.26,3889.92,12
2025-08-14 14:54:13,SKU-013,39.96,1758.96,42
2026-05-20 14:54:13,SKU-065,46.76,20246.98,43
2026-02-26 14:54:13,SKU-017,33.26,8084.48,32
2026-05-27 14:54:13,SKU-273,38.47,2481.85,35
2026-02-08 14:54:13,SKU-234,17.21,4423.68,18
2025-11-21 14:54:13,SKU-432,35.11,3890.37,33
2026-07-17 14:54:13,SKU-089,46.56,21702.59,49
2026-01-10 14:54:13,SKU-236,21.97,1028.2,20
2025-11-30 14:54:13,SKU-375,16.06,4547.4,15
2026-04-19 14:54:13,SKU-114,15.34,5594.96,14
2026-08-02 14:54:13,SKU-290,22.54,660.75,25
2026-05-05 14:54:13,SKU-255,8.33,2403.09,9
2025-10-02 14:54:13,SKU-334,46.0,14475.36,48
2026-02-02 14:54:13,SKU-042,2.98,1051.32,3
2026-07-26 14:54:13,SKU-083,41.73,18331.1,41
2026-02-12 14:54:13,SKU-374,25.88,5943.56,28
2026-04-04 14:54:13,SKU-179,16.64,562.86,18
2025-08-19 14:54:13,SKU-414,39.41,11819.88,36
2026-01-06 14:54:13,SKU-348,44.57,20470.85,47
2026-02-13 14:54:13,SKU-380,43.12,21878.52,46
2026-08-01 14:54:13,SKU-412,28.75,15335.7,31
2026-01-26 14:54:13,SKU-444,17.58,6363.44,17
2026-06-04 14:54:13,SKU-449,25.13,332.35,23
2025-11-06 14:54:13,SKU-473,2.78,1080.93,3
2025-10-28 14:54:13,SKU-227,16.59,8275.94,17
2026-03-09 14:54:13,SKU-263,6.48,1887.34,7
2025-11-30 14:54:13,SKU-058,51.09,11991.84,48
2026-07-03 14:54:13,SKU-367,37.62,5756.83,37
2025-12-09 14:54:13,SKU-330,21.42,6836.76,21
2026-07-29 14:54:13,SKU-041,18.29,2190.0,20
2025-09-13 14:54:13,SKU-483,35.34,10772.28,36
2026-02-23 14:54:13,SKU-427,27.87,13869.83,29
2025-12-11 14:54:13,SKU-120,41.36,19115.2,40
2025-10-07 14:54:13,SKU-261,10.91,1219.8,12
2025-11-04 14:54:13,SKU-205,38.47,19099.6,40
2026-04-13 14:54:13,SKU-129,38.21,1223.6,38
2026-06-15 14:54:13,SKU-109,1.08,170.06,1
2025-12-16 14:54:13,SKU-235,43.61,450.8,40
2026-04-10 14:54:13,SKU-444,44.06,16470.08,44
2025-08-18 14:54:13,SKU-415,5.21,1306.1,5
2026-05-10 14:54:13,SKU-112,34.49,12248.92,38
2025-10-27 14:54:13,SKU-212,14.74,4526.06,14
2026-07-23 14:54:13,SKU-369,27.16,3556.5,25
2026-03-06 14:54:13,SKU-354,30.02,13631.31,33
2025-11-30 14:54:13,SKU-395,16.64,4928.76,18
2026-03-19 14:54:13,SKU-428,5.22,2033.3,5
2025-11-08 14:54:13,SKU-221,40.18,19608.8,40
2026-04-23 14:54:13,SKU-153,20.35,290.89,19
2025-10-14 14:54:13,SKU-467,25.05,12849.84,27
2026-04-23 14:54:13,SKU-247,48.74,16068.08,49
2025-12-14 14:54:13,SKU-069,22.82,5526.15,21
2026-04-07 14:54:13,SKU-159,20.01,10255.52,22
2025-12-31 14:54:13,SKU-113,9.83,4850.7,10
2026-06-10 14:54:13,SKU-437,28.12,13497.4,31
2026-01-16 14:54:13,SKU-284,5.43,2725.02,6
2026-05-09 14:54:13,SKU-215,22.85,5055.0,25
2026-01-26 14:54:13,SKU-294,41.91,10706.67,39
2026-04-02 14:54:13,SKU-040,23.93,3303.75,25
2025-10-26 14:54:13,SKU-082,35.36,7036.66,37
2025-08-11 14:54:13,SKU-395,13.39,3559.66,13
2025-10-27 14:54:13,SKU-274,11.9,1435.85,13
2025-09-29 14:54:13,SKU-456,6.57,1694.35,7
2026-04-02 14:54:13,SKU-080,32.57,5876.67,31
2025-09-12 14:54:13,SKU-060,26.53,9275.07,29
2025-09-20 14:54:13,SKU-126,18.63,4766.91,19
2025-11-07 14:54:13,SKU-085,42.05,14186.34,42
2025-09-12 14:54:13,SKU-459,21.73,7631.0,20
2025-08-22 14:54:13,SKU-104,33.43,14222.08,32
2026-06-13 14:54:13,SKU-196,6.31,1472.28,6
2026-03-18 14:54:13,SKU-069,35.32,9210.25,35
2026-01-03 14:54:13,SKU-418,42.23,1571.94,41
2026-03-12 14:54:13,SKU-234,45.42,11550.72,47
2025-10-27 14:54:13,SKU-363,28.6,14871.63,31
2026-03-11 14:54:13,SKU-216,51.24,21745.92,48
2026-05-27 14:54:13,SKU-031,22.44,4269.95,23
2025-09-26 14:54:13,SKU-083,7.39,3576.8,8
2025-10-26 14:54:13,SKU-381,2.72,826.59,3
2025-11-18 14:54:13,SKU-422,2.95,1229.28,3
2026-04-09 14:54:13,SKU-389,24.5,12289.94,26
2026-05-05 14:54:13,SKU-264,3.09,1158.63,3
2026-06-02 14:54:13,SKU-407,35.75,4813.38,33
2025-11-05 14:54:13,SKU-246,32.39,7509.75,31
2026-01-03 14:54:13,SKU-204,22.81,2755.2,21
2025-12-17 14:54:13,SKU-490,36.76,6822.9,38
2025-12-25 14:54:13,SKU-495,25.04,694.14,23
2026-01-16 14:54:13,SKU-071,23.72,10828.8,24
2025-11-20 14:54:13,SKU-162,4.68,1915.7,5
2026-04-10 14:54:13,SKU-211,38.65,11365.04,38
2026-08-07 14:54:13,SKU-061,21.45,1928.55,23
2026-06-29 14:54:13,SKU-030,25.76,10861.76,28
2026-07-15 14:54:13,SKU-387,39.4,6858.6,42
2026-04-07 14:54:13,SKU-057,1.05,320.83,1
2026-07-01 14:54:13,SKU-444,46.22,17218.72,46
2025-11-15 14:54:13,SKU-101,24.66,10871.75,25
2025-10-22 14:54:13,SKU-153,2.9,45.93,3
2025-09-17 14:54:13,SKU-237,20.54,9865.4,20
2025-12-24 14:54:13,SKU-421,35.74,14116.98,37
2025-09-12 14:54:13,SKU-097,6.61,941.78,7
2026-04-05 14:54:13,SKU-133,14.9,4379.7,15
2025-08-27 14:54:13,SKU-345,7.38,2210.81,7
2025-10-09 14:54:13,SKU-306,18.9,8807.07,19
2026-01-30 14:54:13,SKU-424,22.47,7061.76,24
2026-06-26 14:54:13,SKU-311,0.94,305.82,1
2026-02-07 14:54:13,SKU-168,47.21,13201.32,44
2026-01-06 14:54:13,SKU-463,22.3,5251.92,24
2025-12-25 14:54:13,SKU-111,34.18,14790.65,35
2025-11-02 14:54:13,SKU-146,28.12,2908.5,30
2026-03-09 14:54:13,SKU-024,31.38,4288.8,30
2026-03-28 14:54:13,SKU-172,29.44,451.24,29
2026-07-29 14:54:13,SKU-365,5.46,217.2,5
2025-09-29 14:54:13,SKU-088,42.66,19395.87,39
2025-09-25 14:54:13,SKU-492,11.14,4866.84,11
2025-08-18 14:54:13,SKU-320,0.99,82.84,1
2025-10-27 14:54:13,SKU-386,13.61,1280.24,13
2026-07-06 14:54:13,SKU-196,3.13,736.14,3
2026-04-28 14:54:13,SKU-343,3.08,523.71,3
2026-05-07 14:54:13,SKU-147,22.38,10402.35,21
2026-01-06 14:54:13,SKU-028,33.16,3865.32,36
2025-08-27 14:54:13,SKU-166,21.22,2734.16,22
2026-02-15 14:54:13,SKU-330,12.07,3581.16,11
2025-09-12 14:54:13,SKU-322,39.78,8801.67,43
2025-09-16 14:54:13,SKU-291,45.65,11846.35,47
2026-03-16 14:54:13,SKU-023,23.07,12024.25,25
2026-04-04 14:54:13,SKU-421,4.2,1526.16,4
2026-03-04 14:54:13,SKU-278,13.3,1418.76,14
2026-07-22 14:54:13,SKU-098,43.28,7562.25,45
2025-11-12 14:54:13,SKU-336,15.23,2027.36,16
2026-03-26 14:54:13,SKU-408,33.95,2227.4,35
2026-05-19 14:54:13,SKU-466,36.77,12236.27,37
2026-05-31 14:54:13,SKU-075,16.51,4712.64,16
2025-12-31 14:54:13,SKU-437,25.82,11320.4,26
2026-05-24 14:54:13,SKU-440,20.42,6522.13,19
2025-10-07 14:54:13,SKU-408,9.49,572.76,9
2025-10-22 14:54:13,SKU-266,20.26,5719.0,19
2026-04-01 14:54:13,SKU-354,19.76,7848.33,19
2026-02-10 14:54:13,SKU-372,21.89,3649.38,21
2026-01-03 14:54:13,SKU-145,16.43,6863.07,17
2025-09-22 14:54:13,SKU-321,9.7,1003.9,10
2025-10-18 14:54:13,SKU-376,10.87,4936.32,12
2025-09-17 14:54:13,SKU-055,9.78,1266.48,9
2026-01-01 14:54:13,SKU-015,13.05,2070.38,13
2026-04-30 14:54:13,SKU-309,3.85,783.44,4
2026-05-23 14:54:13,SKU-230,10.12,255.8,10
2026-01-21 14:54:13,SKU-007,33.13,5567.8,35
2026-08-10 14:54:13,SKU-420,20.51,1904.2,20
2026-03-29 14:54:13,SKU-059,48.96,9365.37,49
2026-01-28 14:54:13,SKU-036,32.13,13397.3,35
2026-05-26 14:54:13,SKU-204,37.9,4723.2,36
2026-01-30 14:54:13,SKU-238,42.5,8584.65,45
2025-08-27 14:54:13,SKU-351,12.64,1636.32,12
2026-07-22 14:54:13,SKU-151,14.4,3605.98,14
2026-02-05 14:54:13,SKU-068,11.76,1585.87,13
2026-07-14 14:54:13,SKU-311,39.1,13150.26,43
2026-01-04 14:54:13,SKU-233,46.23,7708.68,46
2026-04-05 14:54:13,SKU-358,2.79,417.63,3
2026-07-07 14:54:13,SKU-025,16.7,8210.66,17
2025-10-04 14:54:13,SKU-123,36.02,6213.2,35
2026-02-11 14:54:13,SKU-039,19.07,3116.57,19
2026-03-28 14:54:13,SKU-113,27.41,13096.89,27
2026-01-12 14:54:13,SKU-287,39.92,9352.12,37
2025-12-25 14:54:13,SKU-239,19.31,770.45,19
2026-05-03 14:54:13,SKU-420,43.06,3808.4,40
2026-04-27 14:54:13,SKU-167,16.34,6620.7,15
2026-04-19 14:54:13,SKU-262,9.47,969.84,9
2026-02-22 14:54:13,SKU-199,13.66,3115.58,13
2026-05-18 14:54:13,SKU-327,40.46,9080.28,44
2025-10-07 14:54:13,SKU-127,25.17,5942.25,25
2026-04-10 14:54:13,SKU-204,50.91,6166.4,47
2026-07-02 14:54:13,SKU-500,9.3,4028.5,10
2026-02-25 14:54:13,SKU-493,42.63,1940.0,40
2025-12-10 14:54:13,SKU-139,37.58,2026.08,36
2026-07-19 14:54:13,SKU-115,45.88,16106.94,43
2026-02-05 14:54:13,SKU-077,16.34,4215.15,17
2025-12-12 14:54:13,SKU-121,23.19,4743.2,22
2026-07-03 14:54:13,SKU-268,0.94,108.85,1
2026-04-18 14:54:13,SKU-375,46.9,14248.52,47
2026-06-03 14:54:13,SKU-248,18.34,4644.06,17
2026-06-01 14:54:13,SKU-115,0.93,374.58,1
2025-11-16 14:54:13,SKU-088,24.18,11935.92,24
2025-12-29 14:54:13,SKU-335,7.29,682.43,7
2025-11-17 14:54:13,SKU-447,20.76,7182.67,23
2026-07-19 14:54:13,SKU-167,24.35,11475.88,26
2026-07-06 14:54:13,SKU-224,0.9,235.46,1
2025-09-29 14:54:13,SKU-433,26.61,1277.1,27
2026-07-18 14:54:13,SKU-057,16.85,5774.94,18
2026-05-06 14:54:13,SKU-495,48.54,1358.1,45
2026-06-16 14:54:13,SKU-299,10.77,1778.4,10
2026-03-02 14:54:13,SKU-159,8.81,4195.44,9
2025-08-28 14:54:13,SKU-048,31.34,12324.9,30
2026-05-04 14:54:13,SKU-471,21.74,3343.2,20
2026-07-22 14:54:13,SKU-116,9.16,1003.2,10
2025-12-04 14:54:13,SKU-125,50.22,11148.1,46
2026-01-21 14:54:13,SKU-157,7.68,2376.71,7
2026-01-02 14:54:13,SKU-126,51.32,12042.72,48
2026-02-08 14:54:13,SKU-152,31.24,13913.11,31
2025-11-03 14:54:13,SKU-498,40.6,1560.68,44
2025-12-17 14:54:13,SKU-121,15.93,3234.0,15
2026-02-09 14:54:13,SKU-334,41.71,11459.66,38
2025-08-18 14:54:13,SKU-102,28.07,6774.56,26
2025-10-04 14:54:13,SKU-368,50.95,9809.28,48
2026-03-26 14:54:13,SKU-440,24.42,8238.48,24
2026-05-27 14:54:13,SKU-434,33.74,9094.32,36
2026-01-01 14:54:13,SKU-484,15.81,1249.35,15
2026-07-18 14:54:13,SKU-175,31.05,4044.16,32
2026-04-15 14:54:13,SKU-424,0.95,294.24,1
2026-05-05 14:54:13,SKU-306,12.9,5562.36,12
2026-07-15 14:54:13,SKU-058,9.52,2248.47,9
2025-12-16 14:54:13,SKU-112,39.2,11604.24,36
2025-12-03 14:54:13,SKU-047,33.64,4586.88,32
2025-12-12 14:54:13,SKU-223,34.4,4085.44,32
2025-11-25 14:54:13,SKU-096,37.17,10705.21,37
2026-02-12 14:54:13,SKU-414,29.41,10506.56,32
2026-05-04 14:54:13,SKU-179,19.97,625.4,20
2025-09-28 14:54:13,SKU-358,19.33,2644.99,19
2025-12-21 14:54:13,SKU-263,45.5,12672.14,47
2025-08-21 14:54:13,SKU-176,9.26,1350.0,9
2025-08-13 14:54:13,SKU-297,23.21,6070.46,22
2025-09-11 14:54:13,SKU-468,44.04,17679.36,48
2025-11-07 14:54:13,SKU-199,45.24,10784.7,45
2025-09-19 14:54:13,SKU-408,14.26,827.32,13
2025-10-17 14:54:13,SKU-295,11.53,4366.8,12
2026-04-25 14:54:13,SKU-062,5.65,2583.6,6
2026-01-28 14:54:13,SKU-331,16.64,403.92,18
2025-09-07 14:54:13,SKU-167,45.43,20303.48,46
2026-04-22 14:54:13,SKU-448,11.06,3835.08,12
2026-05-16 14:54:13,SKU-029,21.47,7483.56,21
2025-11-30 14:54:13,SKU-051,37.58,5822.41,41
2026-01-07 14:54:13,SKU-229,10.11,1790.9,10
2025-08-25 14:54:13,SKU-089,12.98,5757.83,13
2026-03-11 14:54:13,SKU-090,24.24,10971.23,23
2025-10-10 14:54:13,SKU-220,38.35,14697.26,38
2026-03-30 14:54:13,SKU-077,46.45,11901.6,48
2026-03-02 14:54:13,SKU-423,41.8,10651.68,39
2025-11-23 14:54:13,SKU-286,44.89,7486.3,43
2026-04-02 14:54:13,SKU-031,41.63,7982.95,43
2026-05-06 14:54:13,SKU-498,33.45,1276.92,36
2026-08-02 14:54:13,SKU-170,3.24,850.86,3
2026-02-10 14:54:13,SKU-232,36.41,2850.51,39
2025-09-11 14:54:13,SKU-399,45.76,13189.82,49
2025-09-06 14:54:13,SKU-198,24.66,9720.72,23
2025-11-03 14:54:13,SKU-268,2.04,217.7,2
2025-10-31 14:54:13,SKU-404,21.4,8171.24,22
2026-07-03 14:54:13,SKU-073,27.24,12888.0,30
2026-05-09 14:54:13,SKU-475,22.48,9148.23,21
2025-09-26 14:54:13,SKU-157,37.63,12562.61,37
2025-11-01 14:54:13,SKU-022,31.85,10603.95,35
2026-02-14 14:54:13,SKU-060,3.01,959.49,3
2025-08-12 14:54:13,SKU-306,13.92,6952.95,15
2026-07-28 14:54:13,SKU-188,19.24,3917.97,21
2026-03-22 14:54:13,SKU-482,46.17,1948.62,47
2025-09-16 14:54:13,SKU-355,46.54,12577.07,43
2025-11-15 14:54:13,SKU-313,23.55,5954.75,25
2025-11-03 14:54:13,SKU-040,44.67,6078.9,46
2026-07-30 14:54:13,SKU-358,19.44,2644.99,19
2026-04-28 14:54:13,SKU-325,26.33,3852.0,25
2026-06-10 14:54:13,SKU-158,47.53,19097.76,48
2025-08-28 14:54:13,SKU-455,19.11,8143.38,21
2026-05-18 14:54:13,SKU-131,8.65,2761.12,8
2025-08-17 14:54:13,SKU-391,8.69,3329.36,8
2026-02-03 14:54:13,SKU-139,10.3,619.08,11
2025-12-02 14:54:13,SKU-446,2.14,273.52,2
2026-03-23 14:54:13,SKU-348,10.94,4791.05,11
2025-12-04 14:54:13,SKU-261,22.2,2134.65,21
2026-04-19 14:54:13,SKU-165,10.72,900.24,11
2026-02-07 14:54:13,SKU-489,12.6,6414.98,13
2025-10-16 14:54:13,SKU-445,12.91,3672.89,13
2025-12-27 14:54:13,SKU-267,21.1,5855.22,21
2026-05-10 14:54:13,SKU-391,49.35,19976.16,48
2025-11-15 14:54:13,SKU-448,10.23,3515.49,11
2025-12-25 14:54:13,SKU-418,13.38,498.42,13
2026-06-09 14:54:13,SKU-286,6.56,1218.7,7
2026-04-22 14:54:13,SKU-048,5.8,2464.98,6
2025-11-19 14:54:13,SKU-499,36.72,16857.0,36
2025-12-24 14:54:13,SKU-070,24.31,11955.84,24
2025-08-11 14:54:13,SKU-224,35.77,8005.64,34
2026-05-03 14:54:13,SKU-063,9.81,1179.2,10
2026-04-29 14:54:13,SKU-374,21.8,5094.48,24
2026-04-01 14:54:13,SKU-213,30.8,14028.74,31
2026-06-26 14:54:13,SKU-361,28.12,6456.0,30
2025-10-20 14:54:13,SKU-210,43.22,11679.26,41
2026-02-14 14:54:13,SKU-262,48.31,5172.48,48
2026-04-06 14:54:13,SKU-422,27.63,11473.28,28
2026-06-25 14:54:13,SKU-127,29.85,7606.08,32
2026-05-11 14:54:13,SKU-411,12.23,2789.93,13
2025-12-27 14:54:13,SKU-398,38.37,17017.65,39
2025-08-27 14:54:13,SKU-214,31.51,5817.28,32
2026-07-25 14:54:13,SKU-313,5.51,1429.14,6
2025-12-27 14:54:13,SKU-132,48.88,19571.85,45
2025-11-10 14:54:13,SKU-375,10.97,3334.76,11
2026-06-27 14:54:13,SKU-008,27.18,617.7,29
2025-11-17 14:54:13,SKU-360,31.37,3165.69,33
2025-10-22 14:54:13,SKU-208,29.71,8213.45,31
2025-10-13 14:54:13,SKU-287,44.94,12132.48,48
2026-06-17 14:54:13,SKU-158,7.29,2785.09,7
2025-11-24 14:54:13,SKU-232,45.87,3362.14,46
2025-10-09 14:54:13,SKU-268,40.69,4898.25,45
2026-07-04 14:54:13,SKU-140,15.98,5300.8,16
2026-01-20 14:54:13,SKU-413,28.24,3582.08,29
2026-04-10 14:54:13,SKU-076,2.01,974.2,2
2026-06-21 14:54:13,SKU-190,41.23,6466.8,40
2026-05-25 14:54:13,SKU-489,40.12,18751.48,38
2026-07-20 14:54:13,SKU-215,12.52,2628.6,13
2025-12-16 14:54:13,SKU-332,12.41,5652.79,13
2025-11-25 14:54:13,SKU-242,28.78,5729.08,28
2026-04-12 14:54:13,SKU-280,33.15,14954.22,34
2025-12-26 14:54:13,SKU-214,8.35,1454.32,8
2026-07-22 14:54:13,SKU-007,13.84,2068.04,13
2026-05-09 14:54:13,SKU-159,43.38,21909.52,47
2026-06-02 14:54:13,SKU-448,48.03,14381.55,45
2025-09-22 14:54:13,SKU-272,20.07,8340.0,20
2026-04-15 14:54:13,SKU-015,47.01,7007.44,44
2026-03-25 14:54:13,SKU-321,41.99,4417.16,44
2026-04-01 14:54:13,SKU-119,9.34,3335.0,10
2026-07-12 14:54:13,SKU-417,37.07,3648.6,36
2026-06-28 14:54:13,SKU-031,19.35,3341.7,18
2026-06-30 14:54:13,SKU-252,0.92,493.39,1
2026-06-20 14:54:13,SKU-370,49.49,14174.73,47
2026-06-01 14:54:13,SKU-420,23.11,2189.83,23
2026-08-07 14:54:13,SKU-250,0.96,175.35,1
2025-12-30 14:54:13,SKU-202,13.07,3950.24,14
2026-06-22 14:54:13,SKU-171,39.27,16347.96,36
2026-02-05 14:54:13,SKU-386,43.16,4530.08,46
2026-03-02 14:54:13,SKU-327,3.18,619.11,3
2025-10-21 14:54:13,SKU-133,12.97,4087.72,14
2026-04-30 14:54:13,SKU-071,47.32,20755.2,46
2025-10-25 14:54:13,SKU-250,10.17,1753.5,10
2025-11-20 14:54:13,SKU-073,32.49,12888.0,30
2025-10-11 14:54:13,SKU-193,19.89,4283.0,20
2026-06-06 14:54:13,SKU-410,3.28,1185.93,3
2025-12-13 14:54:13,SKU-107,45.45,19422.0,45
2026-02-28 14:54:13,SKU-477,37.32,13614.62,34
2026-07-13 14:54:13,SKU-112,34.92,10314.88,32
2026-04-14 14:54:13,SKU-472,5.11,540.9,5
2026-04-17 14:54:13,SKU-048,32.31,13968.22,34
2026-07-04 14:54:13,SKU-485,30.15,9959.18,29
2026-04-01 14:54:13,SKU-153,24.98,352.13,23
2026-04-12 14:54:13,SKU-094,31.45,3163.7,34
2025-08-19 14:54:13,SKU-285,1.86,442.9,2
2025-11-28 14:54:13,SKU-135,4.56,1386.75,5
2026-05-11 14:54:13,SKU-119,36.92,12673.0,38
2026-08-06 14:54:13,SKU-177,46.4,21689.1,45
2026-08-07 14:54:13,SKU-138,3.69,460.6,4
2025-12-14 14:54:13,SKU-136,17.5,3784.61,19
2026-03-30 14:54:13,SKU-296,8.46,2917.44,9
2026-03-30 14:54:13,SKU-081,42.25,7081.8,44
2026-07-02 14:54:13,SKU-452,16.84,5119.68,16
2026-07-09 14:54:13,SKU-357,48.67,5224.05,47
2026-02-08 14:54:13,SKU-126,26.49,6774.03,27
2025-11-01 14:54:13,SKU-485,39.06,13393.38,39
2025-11-13 14:54:13,SKU-334,44.86,13570.65,45
2025-11-21 14:54:13,SKU-052,39.73,7691.56,37
2026-06-25 14:54:13,SKU-458,7.25,2641.31,7
2025-09-25 14:54:13,SKU-217,28.89,7331.8,28
2026-06-21 14:54:13,SKU-017,4.37,1010.56,4
2026-01-22 14:54:13,SKU-387,32.24,5388.9,33
2025-09-14 14:54:13,SKU-200,2.11,33.4,2
2025-12-26 14:54:13,SKU-342,15.6,7605.97,17
2025-10-08 14:54:13,SKU-197,8.75,2710.08,9
2026-06-14 14:54:13,SKU-063,21.56,2712.16,23
2025-08-31 14:54:13,SKU-452,47.08,13759.14,43
2025-09-02 14:54:13,SKU-272,21.74,9591.0,23
2025-12-22 14:54:13,SKU-069,1.06,263.15,1
2026-01-03 14:54:13,SKU-412,24.28,11872.8,24
2026-04-30 14:54:13,SKU-394,34.27,13510.18,37
2025-08-26 14:54:13,SKU-086,22.82,2946.96,24
2026-07-19 14:54:13,SKU-270,37.37,13005.34,34
2026-01-24 14:54:13,SKU-141,43.53,15135.56,44
2025-09-29 14:54:13,SKU-272,27.99,11676.0,28
2025-12-28 14:54:13,SKU-121,16.94,3449.6,16
2026-01-21 14:54:13,SKU-049,19.93,268.2,20
2026-07-22 14:54:13,SKU-376,22.57,9049.92,22
2026-02-03 14:54:13,SKU-069,34.13,8947.1,34
2025-08-17 14:54:13,SKU-119,37.45,12006.0,36
2025-10-24 14:54:13,SKU-478,32.61,14160.8,31
2025-08-13 14:54:13,SKU-187,14.58,1836.0,15
2026-04-30 14:54:13,SKU-052,46.99,9978.24,48
2026-06-16 14:54:13,SKU-225,43.34,4460.4,45
2026-04-18 14:54:13,SKU-195,42.93,1511.52,47
2026-06-26 14:54:13,SKU-121,19.72,4527.6,21
2026-02-08 14:54:13,SKU-022,5.0,1514.85,5
2026-03-29 14:54:13,SKU-078,43.97,4915.49,41
2026-01-20 14:54:13,SKU-209,40.6,6432.4,40
2025-10-02 14:54:13,SKU-176,27.78,4350.0,29
2026-04-03 14:54:13,SKU-227,16.56,7789.12,16
2026-01-15 14:54:13,SKU-071,20.0,8572.8,19
2026-03-07 14:54:13,SKU-215,19.95,4246.2,21
2026-06-02 14:54:13,SKU-028,20.23,2040.03,19
2026-07-06 14:54:13,SKU-020,10.88,1206.96,12
2025-09-04 14:54:13,SKU-120,23.91,11947.0,25
2025-12-31 14:54:13,SKU-004,28.03,2080.0,26
2026-07-03 14:54:13,SKU-220,30.58,12376.64,32
2025-12-15 14:54:13,SKU-180,33.18,14731.84,32
2026-07-28 14:54:13,SKU-013,17.82,795.72,19
2026-02-28 14:54:13,SKU-396,1.86,633.38,2
2026-05-17 14:54:13,SKU-093,37.2,3934.9,38
2026-03-12 14:54:13,SKU-060,33.77,11513.88,36
2026-01-25 14:54:13,SKU-311,32.59,10397.88,34
2026-02-22 14:54:13,SKU-417,34.45,3851.3,38
2026-07-16 14:54:13,SKU-500,26.23,10474.1,26
2025-12-02 14:54:13,SKU-327,27.99,5984.73,29
2025-12-31 14:54:13,SKU-468,34.85,12154.56,33
2026-03-10 14:54:13,SKU-320,13.45,1076.92,13
2026-04-06 14:54:13,SKU-246,33.79,8963.25,37
2025-10-27 14:54:13,SKU-471,3.81,668.64,4
2026-02-28 14:54:13,SKU-494,20.81,7652.48,22
2025-10-24 14:54:13,SKU-464,22.36,1983.96,22
2025-12-30 14:54:13,SKU-442,13.55,6120.8,14
2026-02-21 14:54:13,SKU-461,32.48,10344.3,30
2026-05-14 14:54:13,SKU-356,18.45,3962.83,19
2026-06-17 14:54:13,SKU-004,16.36,1200.0,15
2026-04-06 14:54:13,SKU-112,14.84,5157.44,16
2026-05-26 14:54:13,SKU-064,17.04,6913.22,17
2026-02-12 14:54:13,SKU-069,37.44,10262.85,39
2025-11-12 14:54:13,SKU-164,4.23,817.44,4
2025-11-03 14:54:13,SKU-319,6.26,583.44,6
2026-07-27 14:54:13,SKU-437,20.18,8272.6,19
2025-10-27 14:54:13,SKU-460,12.64,4950.48,12
2026-07-15 14:54:13,SKU-271,28.6,5066.6,28
2026-04-29 14:54:13,SKU-197,24.67,6925.76,23
2025-12-10 14:54:13,SKU-161,19.95,7473.06,21
2025-11-29 14:54:13,SKU-231,16.01,4008.26,17
2025-12-14 14:54:13,SKU-064,28.02,10573.16,26
2026-04-03 14:54:13,SKU-474,35.97,8949.19,37
2026-04-06 14:54:13,SKU-153,22.79,352.13,23
2026-06-25 14:54:13,SKU-182,29.25,2743.5,30
2025-10-25 14:54:13,SKU-481,9.53,2552.58,9
2026-01-09 14:54:13,SKU-229,7.08,1253.63,7
2025-12-19 14:54:13,SKU-473,40.39,14412.4,40
2025-09-25 14:54:13,SKU-097,1.05,134.54,1
2025-11-20 14:54:13,SKU-219,31.81,2872.45,35
2025-10-03 14:54:13,SKU-202,32.31,9593.44,34
2026-05-15 14:54:13,SKU-412,42.28,22261.5,45
2026-08-01 14:54:13,SKU-356,45.09,8968.51,43
2025-10-16 14:54:13,SKU-416,27.35,2605.5,27
2025-09-12 14:54:13,SKU-185,20.86,1183.89,19
2025-12-31 14:54:13,SKU-198,32.63,15215.04,36
2025-09-06 14:54:13,SKU-024,51.03,7005.04,49
2026-01-18 14:54:13,SKU-023,42.62,19719.77,41
2025-11-16 14:54:13,SKU-056,16.57,3805.38,18
2025-09-19 14:54:13,SKU-436,0.96,433.6,1
2026-02-22 14:54:13,SKU-222,30.28,5474.88,32
2026-05-02 14:54:13,SKU-325,5.45,770.4,5
2026-03-17 14:54:13,SKU-355,4.15,1169.96,4
2025-12-11 14:54:13,SKU-225,37.12,3766.56,38
2026-01-18 14:54:13,SKU-408,40.3,2609.24,41
2026-06-17 14:54:13,SKU-258,11.43,2755.17,11
2026-06-23 14:54:13,SKU-426,3.13,220.38,3
2026-03-15 14:54:13,SKU-469,38.75,18822.18,39
2025-10-04 14:54:13,SKU-135,37.99,9984.6,36
2026-06-13 14:54:13,SKU-021,48.23,10597.48,46
2025-10-17 14:54:13,SKU-264,42.58,16607.03,43
2026-02-18 14:54:13,SKU-199,1.98,479.32,2
2026-08-03 14:54:13,SKU-001,6.43,699.16,7
2025-11-10 14:54:13,SKU-469,19.09,8687.16,18
2026-01-30 14:54:13,SKU-160,33.78,7469.55,33
2026-02-22 14:54:13,SKU-433,26.46,1324.4,28
2025-09-23 14:54:13,SKU-224,15.52,3767.36,16
2026-05-07 14:54:13,SKU-138,35.44,4490.85,39
2026-01-03 14:54:13,SKU-088,14.94,7957.28,16
2026-04-22 14:54:13,SKU-041,24.85,2737.5,25
2026-07-26 14:54:13,SKU-472,18.85,2163.6,20
2026-02-02 14:54:13,SKU-324,33.37,1004.76,36
2025-08-28 14:54:13,SKU-402,23.64,5637.07,23
2026-05-19 14:54:13,SKU-118,21.39,1819.65,21
2026-07-23 14:54:13,SKU-271,34.92,5790.4,32
2025-10-13 14:54:13,SKU-133,6.34,2043.86,7
2026-03-29 14:54:13,SKU-155,42.18,13094.1,45
2025-09-02 14:54:13,SKU-026,12.29,1888.12,13
2026-06-26 14:54:13,SKU-285,27.86,6200.6,28
2025-12-27 14:54:13,SKU-113,34.73,18432.66,38
2026-06-29 14:54:13,SKU-209,39.67,7075.64,44
2026-05-22 14:54:13,SKU-086,31.11,3560.91,29
2026-05-02 14:54:13,SKU-458,21.29,7923.93,21
2026-03-01 14:54:13,SKU-358,3.95,556.84,4
2026-03-21 14:54:13,SKU-256,50.39,24434.34,49
2025-09-14 14:54:13,SKU-362,41.79,8455.2,39
2026-01-17 14:54:13,SKU-200,36.2,551.1,33
2026-03-24 14:54:13,SKU-398,7.78,3490.8,8
2025-10-26 14:54:13,SKU-071,20.6,9475.2,21
2025-08-24 14:54:13,SKU-075,11.64,3239.94,11
2026-08-09 14:54:13,SKU-189,48.99,16548.7,47
2026-06-10 14:54:13,SKU-473,28.02,9728.37,27
2025-08-22 14:54:13,SKU-017,34.65,9600.32,38
2025-09-16 14:54:13,SKU-282,6.12,946.08,6
2026-04-20 14:54:13,SKU-170,27.26,7374.12,26
2025-12-30 14:54:13,SKU-297,0.98,275.93,1
2026-03-19 14:54:13,SKU-183,44.47,14287.5,45
2025-10-26 14:54:13,SKU-136,15.98,3187.04,16
2026-07-31 14:54:13,SKU-018,47.26,6156.0,45
2026-06-30 14:54:13,SKU-499,19.31,8896.75,19
2026-04-10 14:54:13,SKU-166,28.57,3852.68,31
2025-09-18 14:54:13,SKU-056,7.6,1479.87,7
2026-03-06 14:54:13,SKU-186,50.57,4904.64,48
2026-05-29 14:54:13,SKU-215,29.55,6470.4,32
2026-03-18 14:54:13,SKU-429,19.08,7034.75,19
2026-03-31 14:54:13,SKU-442,17.59,7432.4,17
2026-04-22 14:54:13,SKU-423,16.97,4916.16,18
2026-05-14 14:54:13,SKU-447,28.94,9368.7,30
2026-06-19 14:54:13,SKU-111,26.96,10564.75,25
2026-06-07 14:54:13,SKU-216,36.76,16309.44,36
2026-02-08 14:54:13,SKU-328,3.61,396.56,4
2026-01-16 14:54:13,SKU-491,28.93,1318.92,29
2026-08-06 14:54:13,SKU-461,9.89,3103.29,9
2026-02-21 14:54:13,SKU-499,22.94,11706.25,25
2025-12-27 14:54:13,SKU-221,11.83,5392.42,11
2025-10-02 14:54:13,SKU-154,14.11,766.22,14
2025-09-10 14:54:13,SKU-394,29.39,11319.34,31
2026-05-13 14:54:13,SKU-282,47.86,6937.92,44
2025-08-19 14:54:13,SKU-335,6.95,682.43,7
2026-06-22 14:54:13,SKU-140,18.59,6626.0,20
2025-08-26 14:54:13,SKU-214,29.26,5271.91,29
2026-05-28 14:54:13,SKU-375,44.03,13035.88,43
2026-05-13 14:54:13,SKU-053,36.83,19264.0,40
2025-09-21 14:54:13,SKU-122,13.2,2397.59,13
2025-08-26 14:54:13,SKU-367,5.39,777.95,5
2026-04-29 14:54:13,SKU-435,36.0,13664.97,33
2026-01-24 14:54:13,SKU-270,5.31,1912.55,5
2026-04-07 14:54:13,SKU-346,16.53,7342.64,17
2025-08-26 14:54:13,SKU-180,35.12,16112.95,35
2025-10-26 14:54:13,SKU-215,33.73,6672.6,33
2026-07-30 14:54:13,SKU-174,35.92,12738.44,34
2026-05-19 14:54:13,SKU-315,2.78,695.1,3
2025-10-11 14:54:13,SKU-005,20.3,9705.2,20
2026-07-12 14:54:13,SKU-394,23.99,9128.5,25
2026-05-07 14:54:13,SKU-414,23.05,7223.26,22
2026-05-12 14:54:13,SKU-478,34.2,17358.4,38
2026-03-12 14:54:13,SKU-483,16.25,4488.45,15
2026-01-09 14:54:13,SKU-098,6.15,1008.3,6
2026-03-26 14:54:13,SKU-050,9.83,2228.13,9
2026-01-19 14:54:13,SKU-058,30.23,7744.73,31
2026-05-26 14:54:13,SKU-427,48.23,22000.42,46
2026-06-24 14:54:13,SKU-129,25.18,740.6,23
2026-04-24 14:54:13,SKU-440,22.4,7208.67,21
2025-10-14 14:54:13,SKU-004,9.65,800.0,10
2026-05-29 14:54:13,SKU-244,26.48,3294.69,29
2025-11-29 14:54:13,SKU-325,50.12,7241.76,47
2026-08-01 14:54:13,SKU-464,27.42,2254.5,25
2026-04-07 14:54:13,SKU-453,33.55,13481.68,34
2026-03-06 14:54:13,SKU-466,29.25,9590.59,29
2025-11-29 14:54:13,SKU-419,41.1,19977.8,43
2025-12-01 14:54:13,SKU-132,3.62,1739.72,4
2026-07-10 14:54:13,SKU-161,23.56,8540.64,24
2025-08-17 14:54:13,SKU-412,51.41,24240.3,49
2026-05-29 14:54:13,SKU-113,33.39,15037.17,31
2025-12-22 14:54:13,SKU-241,28.81,1750.28,28
2026-01-26 14:54:13,SKU-140,34.94,11264.2,34
2025-09-12 14:54:13,SKU-437,23.92,10014.2,23
2026-02-20 14:54:13,SKU-446,40.02,5196.88,38
2026-03-14 14:54:13,SKU-400,45.64,23452.53,47
2026-01-25 14:54:13,SKU-183,25.45,8255.0,26
2025-12-30 14:54:13,SKU-471,46.01,7856.52,47
2025-09-21 14:54:13,SKU-200,19.46,317.3,19
2026-06-04 14:54:13,SKU-193,39.29,8137.7,38
2026-01-09 14:54:13,SKU-106,35.07,2751.04,32
2025-11-15 14:54:13,SKU-038,47.76,9911.88,44
2025-10-06 14:54:13,SKU-074,46.3,2356.58,46
2026-05-29 14:54:13,SKU-407,1.07,145.86,1
2025-09-13 14:54:13,SKU-270,46.54,17977.97,47
2026-02-05 14:54:13,SKU-238,38.11,7821.57,41
2026-03-30 14:54:13,SKU-227,45.89,23367.36,48
2026-03-05 14:54:13,SKU-117,16.5,3366.24,16
2026-06-29 14:54:13,SKU-138,33.84,4145.4,36
2026-05-21 14:54:13,SKU-233,28.89,5362.56,32
2025-08-19 14:54:13,SKU-464,11.89,991.98,11
2025-11-09 14:54:13,SKU-305,10.88,2613.84,12
2025-09-12 14:54:13,SKU-176,18.11,2550.0,17
2026-06-02 14:54:13,SKU-053,10.11,4816.0,10
2026-05-06 14:54:13,SKU-244,26.27,3067.47,27
2026-08-06 14:54:13,SKU-096,44.89,13019.85,45
2026-02-09 14:54:13,SKU-155,2.79,872.94,3
2026-01-31 14:54:13,SKU-075,10.31,2945.4,10
2026-02-12 14:54:13,SKU-161,7.5,2491.02,7
2025-12-16 14:54:13,SKU-395,36.56,10405.16,38
2025-12-23 14:54:13,SKU-487,0.91,392.13,1
2026-01-15 14:54:13,SKU-079,31.15,3787.5,30
2026-04-26 14:54:13,SKU-339,14.7,245.55,15
2025-09-21 14:54:13,SKU-377,46.29,16819.2,48
2026-06-12 14:54:13,SKU-211,31.26,8972.4,30
2026-03-24 14:54:13,SKU-116,10.98,1203.84,12
2026-06-10 14:54:13,SKU-132,14.32,6089.02,14
2026-03-28 14:54:13,SKU-067,21.01,2586.35,23
2026-08-06 14:54:13,SKU-277,7.3,870.4,8
2026-04-18 14:54:13,SKU-144,30.56,12318.88,28
2025-10-06 14:54:13,SKU-080,49.33,8720.22,46
2026-04-05 14:54:13,SKU-462,45.7,6339.52,44
2025-09-27 14:54:13,SKU-493,39.57,1988.5,41
2026-07-25 14:54:13,SKU-443,2.96,219.45,3
2026-01-12 14:54:13,SKU-194,35.16,6878.08,32
2026-01-02 14:54:13,SKU-168,30.98,9900.99,33
2026-05-11 14:54:13,SKU-495,8.44,271.62,9
2025-09-21 14:54:13,SKU-223,4.16,510.68,4
2026-02-19 14:54:13,SKU-424,38.95,11769.6,40
2026-06-09 14:54:13,SKU-023,13.36,6252.61,13
2026-07-27 14:54:13,SKU-183,1.05,317.5,1
2026-01-22 14:54:13,SKU-375,9.15,3031.6,10
2026-07-27 14:54:13,SKU-044,10.02,4370.2,10
2026-06-13 14:54:13,SKU-226,6.06,2630.52,6
2025-08-23 14:54:13,SKU-315,40.91,9499.7,41
2026-06-19 14:54:13,SKU-488,1.8,122.84,2
2025-12-25 14:54:13,SKU-191,8.3,2764.16,8
2026-05-06 14:54:13,SKU-457,8.74,3849.12,9
2025-10-11 14:54:13,SKU-052,47.79,9354.6,45
2026-04-22 14:54:13,SKU-351,41.02,6136.2,45
2025-11-13 14:54:13,SKU-319,16.1,1653.08,17
2025-10-16 14:54:13,SKU-438,49.55,4006.6,46
2025-11-11 14:54:13,SKU-369,42.13,5690.4,40
2025-09-02 14:54:13,SKU-049,10.31,147.51,11
2025-11-06 14:54:13,SKU-440,24.28,8581.75,25
2026-05-02 14:54:13,SKU-239,11.92,486.6,12
2026-01-13 14:54:13,SKU-166,7.66,994.24,8
2026-05-29 14:54:13,SKU-431,38.76,1457.7,43
2026-06-29 14:54:13,SKU-188,19.46,3358.26,18
2026-03-26 14:54:13,SKU-145,27.4,11303.88,28
2026-05-12 14:54:13,SKU-399,23.56,5921.96,22
2026-08-09 14:54:13,SKU-199,51.95,11503.68,48
2026-03-01 14:54:13,SKU-037,1.88,532.28,2
2026-05-29 14:54:13,SKU-496,5.15,2381.3,5
2025-12-08 14:54:13,SKU-454,21.06,951.28,22
2025-11-28 14:54:13,SKU-168,45.9,13801.38,46
2026-05-28 14:54:13,SKU-087,1.03,21.91,1
2025-09-01 14:54:13,SKU-265,1.9,933.38,2
2026-07-02 14:54:13,SKU-186,13.69,1328.34,13
2026-02-28 14:54:13,SKU-463,1.05,218.83,1
2026-03-19 14:54:13,SKU-043,18.35,5370.81,17
2025-09-23 14:54:13,SKU-183,13.07,4127.5,13
2026-04-30 14:54:13,SKU-390,49.95,19496.18,46
2025-09-25 14:54:13,SKU-220,10.03,3867.7,10
2026-07-23 14:54:13,SKU-409,13.87,1637.16,14
2026-01-08 14:54:13,SKU-160,50.72,10638.45,47
2025-08-23 14:54:13,SKU-003,37.13,7991.02,34
2026-05-01 14:54:13,SKU-332,19.61,8261.77,19
2026-03-17 14:54:13,SKU-334,19.59,5428.26,18
2026-01-18 14:54:13,SKU-454,37.99,1599.88,37
2026-06-16 14:54:13,SKU-333,22.03,2731.71,23
2026-07-30 14:54:13,SKU-213,33.2,16291.44,36
2025-09-23 14:54:13,SKU-471,2.04,334.32,2
2026-01-26 14:54:13,SKU-249,1.97,573.16,2
2026-07-21 14:54:13,SKU-235,1.01,11.27,1
2025-08-12 14:54:13,SKU-027,31.82,1395.9,30
2025-12-29 14:54:13,SKU-275,45.74,22270.08,48
2025-11-13 14:54:13,SKU-312,46.63,12299.4,45
2025-10-06 14:54:13,SKU-423,36.88,10378.56,38
2026-07-14 14:54:13,SKU-070,49.37,24409.84,49
2025-08-15 14:54:13,SKU-347,7.7,3412.71,7
2025-10-06 14:54:13,SKU-179,29.92,875.56,28
2026-03-25 14:54:13,SKU-434,36.82,9346.94,37
2026-03-01 14:54:13,SKU-269,46.12,6064.65,45
2025-10-05 14:54:13,SKU-358,44.36,6264.45,45
2025-10-03 14:54:13,SKU-185,36.9,2305.47,37
2026-07-27 14:54:13,SKU-270,26.62,10710.28,28
2026-08-03 14:54:13,SKU-428,20.27,7726.54,19
2026-05-21 14:54:13,SKU-023,49.57,23086.56,48
2025-08-28 14:54:13,SKU-188,53.3,9141.93,49
2026-03-15 14:54:13,SKU-039,18.5,2952.54,18
2026-05-18 14:54:13,SKU-053,31.76,16856.0,35
2026-05-01 14:54:13,SKU-449,36.97,563.55,39
2026-04-05 14:54:13,SKU-338,8.81,4254.84,9
2026-08-09 14:54:13,SKU-004,28.19,2320.0,29
2026-01-30 14:54:13,SKU-312,0.92,273.32,1
2025-10-05 14:54:13,SKU-456,17.81,4356.9,18
2025-11-02 14:54:13,SKU-116,31.27,3109.92,31
2026-03-07 14:54:13,SKU-066,9.92,3410.9,10
2026-06-13 14:54:13,SKU-234,8.46,2211.84,9
2025-08-19 14:54:13,SKU-337,39.32,4778.55,37
2026-01-10 14:54:13,SKU-203,49.82,21755.24,46
2026-01-09 14:54:13,SKU-373,45.13,2987.04,48
2025-12-22 14:54:13,SKU-443,6.31,438.9,6
2025-08-23 14:54:13,SKU-176,2.77,450.0,3
2026-02-10 14:54:13,SKU-041,35.35,3832.5,35
2026-05-27 14:54:13,SKU-337,12.37,1549.8,12
2025-08-21 14:54:13,SKU-234,48.2,11796.48,48
2026-05-11 14:54:13,SKU-024,27.26,3859.92,27
2026-03-31 14:54:13,SKU-376,20.15,8638.56,21
2025-12-08 14:54:13,SKU-418,35.9,1265.22,33
2025-10-03 14:54:13,SKU-176,17.76,2700.0,18
2026-04-29 14:54:13,SKU-385,17.51,557.08,19
2026-02-23 14:54:13,SKU-171,8.16,4086.99,9
2026-06-08 14:54:13,SKU-284,3.6,1816.68,4
2025-12-04 14:54:13,SKU-136,17.88,3386.23,17
2026-01-19 14:54:13,SKU-208,42.16,11392.85,43
2025-11-25 14:54:13,SKU-414,39.12,13461.53,41
2026-03-07 14:54:13,SKU-084,2.94,1198.38,3
2026-05-19 14:54:13,SKU-232,10.57,730.9,10
2026-06-17 14:54:13,SKU-264,26.86,10427.67,27
2025-10-28 14:54:13,SKU-114,35.2,14786.68,37
2026-06-26 14:54:13,SKU-050,33.78,7674.67,31
2025-10-11 14:54:13,SKU-351,14.6,1909.04,14
2025-11-29 14:54:13,SKU-356,41.43,8342.8,40
2026-01-14 14:54:13,SKU-159,27.76,12586.32,27
2026-03-25 14:54:13,SKU-276,13.61,1177.35,15
2026-01-01 14:54:13,SKU-057,36.85,11549.88,36
2025-10-16 14:54:13,SKU-392,20.56,5409.87,19
2026-02-14 14:54:13,SKU-451,35.67,7984.8,36
2025-10-29 14:54:13,SKU-126,16.29,4265.13,17
2026-06-10 14:54:13,SKU-280,18.54,8796.6,20
2025-08-21 14:54:13,SKU-007,12.28,1908.96,12
2025-12-16 14:54:13,SKU-389,18.33,9453.8,20
2025-10-28 14:54:13,SKU-442,24.58,11367.2,26
2025-09-09 14:54:13,SKU-127,23.27,5704.56,24
2025-12-10 14:54:13,SKU-131,37.03,12425.04,36
2025-08-24 14:54:13,SKU-150,48.12,6083.52,48
2026-04-07 14:54:13,SKU-464,32.32,3066.12,34
2026-05-20 14:54:13,SKU-473,15.66,5404.65,15
2026-07-03 14:54:13,SKU-137,15.49,1780.48,16
2025-11-05 14:54:13,SKU-081,8.08,1287.6,8
2026-02-06 14:54:13,SKU-185,30.21,1993.92,32
2025-08-12 14:54:13,SKU-392,32.22,8826.63,31
2026-08-02 14:54:13,SKU-305,19.98,4356.4,20
2026-08-06 14:54:13,SKU-330,20.58,7162.32,22
2026-03-24 14:54:13,SKU-491,28.59,1409.88,31
2025-08-22 14:54:13,SKU-268,17.23,1741.6,16
2025-11-06 14:54:13,SKU-091,12.56,3370.2,12
2025-11-29 14:54:13,SKU-301,16.69,4953.76,16
2026-03-12 14:54:13,SKU-433,17.58,851.4,18
2026-05-20 14:54:13,SKU-097,39.42,5650.68,42
2026-07-20 14:54:13,SKU-334,40.75,11459.66,38
2026-04-28 14:54:13,SKU-087,42.01,964.04,44
2026-03-14 14:54:13,SKU-054,37.88,5667.48,36
2026-08-10 14:54:13,SKU-454,37.66,1556.64,36
2026-06-27 14:54:13,SKU-330,19.44,6836.76,21
2025-10-16 14:54:13,SKU-037,48.24,12508.58,47
2025-11-05 14:54:13,SKU-209,13.66,2090.53,13
2025-08-23 14:54:13,SKU-179,42.82,1375.88,44
2026-03-31 14:54:13,SKU-375,3.13,909.48,3
2025-09-28 14:54:13,SKU-138,12.16,1496.95,13
2026-02-20 14:54:13,SKU-386,37.07,3840.72,39
2026-06-30 14:54:13,SKU-287,32.58,8593.84,34
2026-02-27 14:54:13,SKU-293,26.38,5614.32,24
2025-11-01 14:54:13,SKU-478,37.59,18728.8,41
2026-08-09 14:54:13,SKU-298,14.83,2511.46,14
2026-07-16 14:54:13,SKU-113,3.66,1940.28,4
2025-12-02 14:54:13,SKU-316,35.45,9913.8,39
2026-04-29 14:54:13,SKU-224,15.05,3296.44,14
2025-12-28 14:54:13,SKU-206,28.78,3294.81,27
2025-12-24 14:54:13,SKU-012,9.34,4313.7,10
2025-12-24 14:54:13,SKU-282,42.06,6464.88,41
2026-03-07 14:54:13,SKU-340,19.01,437.0,19
2025-12-11 14:54:13,SKU-380,28.12,13792.98,29
2026-07-25 14:54:13,SKU-269,32.98,4582.18,34
2025-09-12 14:54:13,SKU-238,28.09,5532.33,29
2026-05-17 14:54:13,SKU-211,13.96,4187.12,14
2025-12-13 14:54:13,SKU-133,23.65,7007.52,24
2026-02-14 14:54:13,SKU-095,8.35,4218.48,9
2026-05-19 14:54:13,SKU-362,17.15,3902.4,18
2026-06-20 14:54:13,SKU-146,29.16,3102.4,32
2026-07-03 14:54:13,SKU-176,0.95,150.0,1
2025-08-14 14:54:13,SKU-050,18.12,4951.4,20
2026-03-21 14:54:13,SKU-164,36.7,7765.68,38
2026-01-30 14:54:13,SKU-262,23.35,2478.48,23
2026-08-01 14:54:13,SKU-061,1.02,83.85,1
2025-09-24 14:54:13,SKU-293,35.38,8421.48,36
2025-10-12 14:54:13,SKU-429,31.2,10737.25,29
2026-05-03 14:54:13,SKU-096,33.81,10126.55,35
2026-01-30 14:54:13,SKU-219,30.65,2626.24,32
2026-08-07 14:54:13,SKU-004,23.53,2080.0,26
2025-10-14 14:54:13,SKU-457,17.54,7698.24,18
2025-11-23 14:54:13,SKU-340,36.57,782.0,34
2025-08-26 14:54:13,SKU-496,21.38,10001.46,21
2025-10-03 14:54:13,SKU-298,30.15,5740.48,32
2026-03-28 14:54:13,SKU-454,41.31,1643.12,38
2026-04-12 14:54:13,SKU-205,36.45,18622.11,39
2026-06-15 14:54:13,SKU-396,31.05,10450.77,33
2026-03-08 14:54:13,SKU-259,27.35,9413.04,26
2025-10-17 14:54:13,SKU-194,25.53,6018.32,28
2026-04-04 14:54:13,SKU-218,46.3,20330.32,47
2025-11-12 14:54:13,SKU-418,20.76,805.14,21
2026-03-13 14:54:13,SKU-428,32.92,13419.78,33
2026-04-07 14:54:13,SKU-347,23.69,10725.66,22
2026-01-11 14:54:13,SKU-404,14.51,5942.72,16
2025-09-02 14:54:13,SKU-108,44.99,1219.26,42
2026-01-22 14:54:13,SKU-390,20.58,9324.26,22
2026-01-02 14:54:13,SKU-032,36.88,16450.96,38
2026-02-03 14:54:13,SKU-407,51.4,7147.14,49
2025-11-04 14:54:13,SKU-416,6.75,675.5,7
2026-04-26 14:54:13,SKU-262,8.81,969.84,9
2025-11-12 14:54:13,SKU-498,32.68,1064.1,30
2026-03-22 14:54:13,SKU-426,23.33,1689.58,23
2026-04-16 14:54:13,SKU-323,38.86,14869.93,37
2026-02-03 14:54:13,SKU-228,2.7,359.07,3
2025-10-15 14:54:13,SKU-031,14.09,2599.1,14
2026-02-17 14:54:13,SKU-031,1.83,371.3,2
2026-05-15 14:54:13,SKU-235,9.76,112.7,10
2025-11-01 14:54:13,SKU-225,47.6,4559.52,46
2026-02-15 14:54:13,SKU-375,45.19,13945.36,46
2025-10-10 14:54:13,SKU-409,43.39,4794.54,41
2025-10-26 14:54:13,SKU-301,37.92,11765.18,38
2025-11-14 14:54:13,SKU-032,39.53,17316.8,40
2025-10-16 14:54:13,SKU-217,18.57,4713.3,18
2026-05-31 14:54:13,SKU-247,40.88,14100.56,43
2025-10-03 14:54:13,SKU-389,32.03,16071.46,34
2025-11-30 14:54:13,SKU-295,25.78,8733.6,24
2026-06-11 14:54:13,SKU-304,33.2,13188.94,34
2026-05-11 14:54:13,SKU-391,5.77,2497.02,6
2026-05-27 14:54:13,SKU-231,41.51,9666.98,41
2025-12-30 14:54:13,SKU-452,4.86,1599.9,5
2025-12-31 14:54:13,SKU-136,17.68,3784.61,19
2026-05-29 14:54:13,SKU-148,18.93,2385.18,18
2026-07-21 14:54:13,SKU-038,17.28,3604.32,16
2025-10-14 14:54:13,SKU-360,1.05,95.93,1
2026-06-22 14:54:13,SKU-381,27.44,6888.25,25
2026-07-24 14:54:13,SKU-050,47.79,12130.93,49
2026-04-01 14:54:13,SKU-200,24.86,434.2,26
2025-09-20 14:54:13,SKU-061,1.83,167.7,2
2026-05-24 14:54:13,SKU-198,23.51,9720.72,23
2026-03-05 14:54:13,SKU-371,17.42,4811.18,19
2026-04-25 14:54:13,SKU-048,11.83,4519.13,11
2026-06-21 14:54:13,SKU-187,37.35,4651.2,38
2026-06-04 14:54:13,SKU-021,36.41,8293.68,36
2026-02-13 14:54:13,SKU-010,49.6,8717.92,46
2025-10-29 14:54:13,SKU-069,34.36,9736.55,37
2026-03-19 14:54:13,SKU-402,6.17,1470.54,6
2025-09-21 14:54:13,SKU-160,47.9,10638.45,47
2026-04-13 14:54:13,SKU-184,10.62,5043.17,11
2026-07-15 14:54:13,SKU-155,43.09,13094.1,45
2026-01-05 14:54:13,SKU-062,3.21,1291.8,3
2025-11-11 14:54:13,SKU-300,13.85,1277.1,15
2025-09-08 14:54:13,SKU-119,29.83,10005.0,30
2025-12-26 14:54:13,SKU-288,28.21,13469.49,27
2026-05-29 14:54:13,SKU-435,39.73,17391.78,42
2026-04-07 14:54:13,SKU-292,38.34,2175.48,36
2026-06-24 14:54:13,SKU-445,43.57,12713.85,45
2026-04-07 14:54:13,SKU-087,44.24,1073.59,49
2026-04-23 14:54:13,SKU-227,4.04,1947.28,4
2025-10-03 14:54:13,SKU-233,1.08,167.58,1
2026-04-14 14:54:13,SKU-226,10.3,4384.2,10
2026-05-06 14:54:13,SKU-113,28.72,14067.03,29
2026-07-27 14:54:13,SKU-347,42.41,20963.79,43
2026-07-06 14:54:13,SKU-487,23.63,9411.12,24
2025-11-27 14:54:13,SKU-355,31.91,9944.66,34
2026-02-21 14:54:13,SKU-096,14.94,4339.95,15
2026-01-11 14:54:13,SKU-294,31.18,8235.9,30
2025-08-21 14:54:13,SKU-288,24.05,10975.14,22
2026-01-04 14:54:13,SKU-402,19.54,4411.62,18
2025-08-14 14:54:13,SKU-012,46.43,20274.39,47
2026-04-28 14:54:13,SKU-051,5.92,852.06,6
2025-10-05 14:54:13,SKU-362,25.21,5420.0,25
2026-07-28 14:54:13,SKU-500,43.02,17725.4,44
2025-12-27 14:54:13,SKU-042,9.25,3153.96,9
2026-01-12 14:54:13,SKU-493,26.78,1261.0,26
2026-05-14 14:54:13,SKU-253,20.02,2651.04,21
2026-02-12 14:54:13,SKU-358,14.29,1809.73,13
2026-04-06 14:54:13,SKU-006,24.66,2279.07,23
2025-08-27 14:54:13,SKU-442,8.43,3934.8,9
2026-02-06 14:54:13,SKU-499,12.7,5619.0,12
2026-02-27 14:54:13,SKU-108,35.28,1074.11,37
2026-05-01 14:54:13,SKU-482,10.34,414.6,10
2025-09-21 14:54:13,SKU-064,38.99,17486.38,43
2026-07-23 14:54:13,SKU-270,42.45,15682.91,41
2025-12-03 14:54:13,SKU-002,34.39,2852.85,33
2026-07-07 14:54:13,SKU-492,0.97,442.44,1
2025-12-13 14:54:13,SKU-459,6.68,2670.85,7
2026-04-13 14:54:13,SKU-328,43.01,4659.58,47
2025-09-14 14:54:13,SKU-042,44.51,16120.24,46
2025-12-12 14:54:13,SKU-341,37.98,11236.22,38
2026-06-25 14:54:13,SKU-096,21.3,6654.59,23
2025-09-17 14:54:13,SKU-052,32.71,6236.4,30
2026-03-11 14:54:13,SKU-005,6.09,2911.56,6
2025-09-03 14:54:13,SKU-217,21.31,5760.7,22
2026-03-24 14:54:13,SKU-462,28.1,3746.08,26
2025-08-13 14:54:13,SKU-252,2.12,986.78,2
2025-10-20 14:54:13,SKU-150,4.18,506.96,4
2025-10-19 14:54:13,SKU-359,9.1,2738.25,9
2026-05-29 14:54:13,SKU-287,27.97,6571.76,26
2025-10-23 14:54:13,SKU-371,18.38,4557.96,18
2025-08-15 14:54:13,SKU-353,37.32,12901.9,37
2025-08-25 14:54:13,SKU-214,18.2,3090.43,17
2026-02-17 14:54:13,SKU-045,27.38,2839.76,28
2026-01-27 14:54:13,SKU-149,16.1,3743.57,17
2026-02-22 14:54:13,SKU-401,7.33,2701.44,7
2026-01-25 14:54:13,SKU-040,45.14,5682.45,43
2025-09-02 14:54:13,SKU-179,32.17,969.37,31
2025-08-27 14:54:13,SKU-415,45.0,12538.56,48
2025-09-14 14:54:13,SKU-086,30.39,3683.7,30
2025-11-22 14:54:13,SKU-179,35.8,1156.99,37
2026-05-27 14:54:13,SKU-134,34.74,10406.72,32
2026-06-25 14:54:13,SKU-013,39.84,1591.44,38
2026-03-01 14:54:13,SKU-378,10.29,2055.68,11
2026-03-20 14:54:13,SKU-365,43.26,1737.6,40
2025-10-18 14:54:13,SKU-483,35.57,11370.74,38
2025-09-28 14:54:13,SKU-293,36.01,7953.62,34
2026-02-27 14:54:13,SKU-075,5.78,1767.24,6
2025-11-29 14:54:13,SKU-314,39.0,17021.48,37
2026-04-04 14:54:13,SKU-396,30.88,10134.08,32
2025-09-12 14:54:13,SKU-106,44.4,3696.71,43
2026-03-24 14:54:13,SKU-265,38.34,18200.91,39
2025-12-13 14:54:13,SKU-370,18.0,6031.8,20
2026-06-06 14:54:13,SKU-041,33.06,3832.5,35
2026-06-10 14:54:13,SKU-314,37.97,17941.56,39
2025-10-06 14:54:13,SKU-101,24.66,10002.01,23
2025-10-11 14:54:13,SKU-064,18.03,7726.54,19
2025-11-12 14:54:13,SKU-062,20.25,9042.6,21
2025-12-09 14:54:13,SKU-026,38.14,5228.64,36
2025-11-18 14:54:13,SKU-379,4.22,1837.92,4
2026-03-19 14:54:13,SKU-194,24.31,4943.62,23
2025-11-28 14:54:13,SKU-427,22.84,10043.67,21
2026-02-13 14:54:13,SKU-162,27.28,9961.64,26
2025-10-17 14:54:13,SKU-108,51.74,1393.44,48
2025-10-02 14:54:13,SKU-464,19.85,1983.96,22
2026-06-26 14:54:13,SKU-207,25.19,4452.0,24
2026-03-08 14:54:13,SKU-062,16.88,7320.2,17
2025-10-01 14:54:13,SKU-429,9.25,3702.5,10
2026-02-03 14:54:13,SKU-130,22.03,10282.36,22
2026-07-08 14:54:13,SKU-163,23.09,1429.2,24
2026-07-03 14:54:13,SKU-158,40.73,16710.54,42
2025-12-01 14:54:13,SKU-358,32.15,4176.3,30
2026-07-14 14:54:13,SKU-479,50.11,4640.02,46
2026-07-29 14:54:13,SKU-245,10.46,1367.08,11
2025-09-14 14:54:13,SKU-310,33.58,3654.09,33
2025-09-05 14:54:13,SKU-328,32.47,3271.62,33
2026-05-30 14:54:13,SKU-154,27.15,1641.9,30
2025-09-20 14:54:13,SKU-267,4.74,1394.1,5
2026-03-08 14:54:13,SKU-447,26.52,8119.54,26
2026-07-01 14:54:13,SKU-398,43.97,18326.7,42
2025-08-22 14:54:13,SKU-324,11.38,307.01,11
2026-02-28 14:54:13,SKU-329,27.48,5208.84,27
2025-09-10 14:54:13,SKU-042,22.51,7709.68,22
2025-08-31 14:54:13,SKU-289,32.84,10692.6,30
2025-10-04 14:54:13,SKU-100,22.88,8944.98,22
2026-04-11 14:54:13,SKU-022,43.03,12118.8,40
2026-03-30 14:54:13,SKU-159,12.22,6060.08,13
2026-01-02 14:54:13,SKU-184,35.35,17421.86,38
2025-08-23 14:54:13,SKU-143,26.56,9136.4,26
2025-11-15 14:54:13,SKU-269,38.11,4986.49,37
2025-09-06 14:54:13,SKU-295,37.65,13100.4,36
2025-09-10 14:54:13,SKU-425,6.0,2639.76,6
2026-03-08 14:54:13,SKU-436,22.09,9539.2,22
2026-06-08 14:54:13,SKU-329,2.74,578.76,3
2026-01-28 14:54:13,SKU-253,1.02,126.24,1
2025-08-15 14:54:13,SKU-009,16.01,3088.95,15
2026-03-18 14:54:13,SKU-173,12.48,4850.04,13
2026-01-27 14:54:13,SKU-458,22.9,8301.26,22
2026-04-22 14:54:13,SKU-086,36.22,4543.23,37
2026-02-28 14:54:13,SKU-084,27.0,10385.96,26
2026-01-13 14:54:13,SKU-120,11.88,6212.44,13
2026-04-29 14:54:13,SKU-188,11.63,2238.84,12
2026-03-28 14:54:13,SKU-075,30.74,9719.82,33
2025-11-18 14:54:13,SKU-271,4.57,904.75,5
2025-08-27 14:54:13,SKU-458,34.98,12829.22,34
2025-12-04 14:54:13,SKU-330,31.04,9766.8,30
2026-03-27 14:54:13,SKU-060,3.05,959.49,3
2026-04-21 14:54:13,SKU-028,41.58,4724.28,44
2026-08-02 14:54:13,SKU-395,7.47,2190.56,8
2026-06-10 14:54:13,SKU-339,44.55,753.02,46
2026-02-25 14:54:13,SKU-232,31.61,2192.7,30
2026-02-12 14:54:13,SKU-390,4.27,1695.32,4
2026-02-13 14:54:13,SKU-433,47.4,2223.1,47
2025-11-26 14:54:13,SKU-218,34.5,16437.28,38
2026-05-13 14:54:13,SKU-349,9.76,2475.4,10
2025-08-24 14:54:13,SKU-347,36.03,17551.08,36
2026-05-16 14:54:13,SKU-372,21.49,3649.38,21
2025-11-13 14:54:13,SKU-122,22.99,4610.75,25
2026-06-29 14:54:13,SKU-029,19.42,7483.56,21
2026-04-17 14:54:13,SKU-270,37.96,14917.89,39
2025-10-24 14:54:13,SKU-223,38.85,4851.46,38
2026-01-30 14:54:13,SKU-174,3.9,1498.64,4
2025-12-02 14:54:13,SKU-148,0.94,132.51,1
2026-06-06 14:54:13,SKU-167,33.5,14565.54,33
2026-05-11 14:54:13,SKU-100,46.91,19109.73,47
2025-09-17 14:54:13,SKU-227,14.94,7302.3,15
2025-11-22 14:54:13,SKU-136,21.76,4382.18,22
2025-10-04 14:54:13,SKU-013,25.38,1005.12,24
2025-10-20 14:54:13,SKU-043,13.11,3791.16,12
2025-09-23 14:54:13,SKU-438,16.58,1393.6,16
2025-11-30 14:54:13,SKU-371,28.51,7849.82,31
2026-05-28 14:54:13,SKU-169,9.82,509.2,10
2026-01-15 14:54:13,SKU-490,48.17,7900.2,44
2025-11-01 14:54:13,SKU-018,15.94,2052.0,15
2026-04-20 14:54:13,SKU-342,36.99,17448.99,39
2026-05-23 14:54:13,SKU-248,20.07,5463.6,20
2025-09-21 14:54:13,SKU-381,25.14,6888.25,25
2026-06-03 14:54:13,SKU-306,27.96,13905.9,30
2026-03-17 14:54:13,SKU-313,45.89,10003.98,42
2026-03-05 14:54:13,SKU-133,43.17,12263.16,42
2025-08-21 14:54:13,SKU-201,20.65,5980.26,22
2025-11-14 14:54:13,SKU-461,42.08,14482.02,42
2025-08-11 14:54:13,SKU-166,48.19,5716.88,46
2026-05-15 14:54:13,SKU-427,2.94,1434.81,3
2026-05-31 14:54:13,SKU-061,35.61,2767.05,33
2025-09-20 14:54:13,SKU-134,36.31,12683.19,39
2025-11-28 14:54:13,SKU-139,39.59,2082.36,37
2025-12-11 14:54:13,SKU-057,49.91,15399.84,48
2025-09-18 14:54:13,SKU-063,9.45,1179.2,10
2026-03-24 14:54:13,SKU-241,13.06,875.14,14
2026-02-09 14:54:13,SKU-457,6.15,2566.08,6
2025-11-25 14:54:13,SKU-437,37.1,15674.4,36
2026-05-21 14:54:13,SKU-169,16.35,814.72,16
2025-11-17 14:54:13,SKU-184,46.14,20631.15,45
2025-12-10 14:54:13,SKU-441,32.36,2894.76,33
2026-07-02 14:54:13,SKU-063,30.29,3773.44,32
2025-10-29 14:54:13,SKU-483,42.43,12567.66,42
2025-09-18 14:54:13,SKU-017,12.19,3284.32,13
2026-05-17 14:54:13,SKU-202,37.76,10722.08,38
2026-06-06 14:54:13,SKU-465,34.25,5623.2,36
2025-12-12 14:54:13,SKU-378,14.98,2990.08,16
2026-01-11 14:54:13,SKU-233,11.99,1843.38,11
2025-11-03 14:54:13,SKU-031,42.8,8354.25,45
2026-07-08 14:54:13,SKU-323,40.78,16075.6,40
2025-10-30 14:54:13,SKU-297,38.51,10485.34,38
2025-10-06 14:54:13,SKU-467,2.04,951.84,2
2026-05-03 14:54:13,SKU-495,38.18,1056.3,35
2026-05-29 14:54:13,SKU-500,30.64,13294.05,33
2026-06-16 14:54:13,SKU-004,49.03,3760.0,47
2025-11-10 14:54:13,SKU-320,21.97,1822.48,22
2025-10-08 14:54:13,SKU-337,41.5,5682.6,44
2025-11-19 14:54:13,SKU-144,17.25,7039.36,16
2026-07-27 14:54:13,SKU-189,14.69,5281.5,15
2026-05-14 14:54:13,SKU-219,2.05,164.14,2
2026-05-03 14:54:13,SKU-199,3.96,958.64,4
2026-03-25 14:54:13,SKU-228,45.28,5146.67,43
2026-04-17 14:54:13,SKU-338,48.29,21746.96,46
2025-09-13 14:54:13,SKU-408,2.16,127.28,2
2025-12-31 14:54:13,SKU-151,12.21,3090.84,12
2025-10-31 14:54:13,SKU-017,14.8,3536.96,14
2026-05-09 14:54:13,SKU-204,31.98,4198.4,32
2025-11-16 14:54:13,SKU-162,14.49,6130.24,16
2026-06-30 14:54:13,SKU-382,47.17,16422.99,43
2026-05-11 14:54:13,SKU-071,3.82,1804.8,4
2026-06-23 14:54:13,SKU-383,11.75,4979.15,11
2026-02-18 14:54:13,SKU-395,17.74,4654.94,17
2026-08-07 14:54:13,SKU-496,26.18,13335.28,28
2026-07-23 14:54:13,SKU-008,20.46,468.6,22
2026-06-28 14:54:13,SKU-152,32.04,13913.11,31
2026-05-07 14:54:13,SKU-065,22.78,11771.5,25
2025-12-19 14:54:13,SKU-105,4.71,280.25,5
2026-03-23 14:54:13,SKU-019,45.53,9169.86,42
2026-03-24 14:54:13,SKU-460,15.94,6600.64,16
2025-08-25 14:54:13,SKU-413,50.89,5928.96,48
2026-07-31 14:54:13,SKU-034,9.77,2697.66,9
2026-02-22 14:54:13,SKU-487,5.89,2352.78,6
2025-10-24 14:54:13,SKU-352,21.37,1646.04,22
2025-10-12 14:54:13,SKU-151,27.37,6696.82,26
2025-11-11 14:54:13,SKU-223,5.3,638.35,5
2025-09-04 14:54:13,SKU-446,34.04,4649.84,34
2026-04-19 14:54:13,SKU-393,18.21,8873.0,20
2025-11-27 14:54:13,SKU-221,26.79,13235.94,27
2025-12-21 14:54:13,SKU-465,47.5,7029.0,45
2025-10-28 14:54:13,SKU-298,17.75,3229.02,18
2025-11-25 14:54:13,SKU-343,13.75,2269.41,13
2026-04-13 14:54:13,SKU-047,25.12,3583.5,25
2026-05-05 14:54:13,SKU-240,13.77,4674.02,13
2026-03-28 14:54:13,SKU-173,6.13,2238.48,6
2026-07-06 14:54:13,SKU-043,23.84,7266.39,23
2026-03-30 14:54:13,SKU-279,40.5,11859.98,37
2025-11-27 14:54:13,SKU-447,40.82,12803.89,41
2026-03-30 14:54:13,SKU-422,45.44,18848.96,46
2026-06-01 14:54:13,SKU-086,38.67,5034.39,41
2025-10-26 14:54:13,SKU-412,44.18,20777.4,42
2025-08-29 14:54:13,SKU-434,31.99,8589.08,34
2026-05-21 14:54:13,SKU-107,37.26,14674.4,34
2025-12-14 14:54:13,SKU-251,20.55,5846.3,19
2025-11-28 14:54:13,SKU-180,35.28,16573.32,36
2025-09-02 14:54:13,SKU-131,15.55,5867.38,17
2026-01-03 14:54:13,SKU-107,46.81,19853.6,46
2025-11-11 14:54:13,SKU-031,9.09,1670.85,9
2026-06-22 14:54:13,SKU-081,12.2,1931.4,12
2025-09-27 14:54:13,SKU-436,24.99,10406.4,24
2025-09-09 14:54:13,SKU-192,27.73,13234.15,29
2025-09-18 14:54:13,SKU-256,26.94,13962.48,28
2026-03-07 14:54:13,SKU-118,10.05,953.15,11
2025-11-18 14:54:13,SKU-356,49.52,9594.22,46
2026-01-13 14:54:13,SKU-429,52.32,17772.0,48
2025-12-24 14:54:13,SKU-435,6.22,2484.54,6
2025-10-07 14:54:13,SKU-445,6.31,1695.18,6
2025-12-25 14:54:13,SKU-396,37.0,12984.29,41
2025-10-03 14:54:13,SKU-017,48.07,12126.72,48
2026-06-11 14:54:13,SKU-419,16.09,7433.6,16
2026-03-14 14:54:13,SKU-252,34.07,16775.26,34
2026-06-10 14:54:13,SKU-405,7.39,1911.84,8
2025-10-01 14:54:13,SKU-266,15.15,4515.0,15
2025-10-11 14:54:13,SKU-207,45.91,7976.5,43
2025-09-20 14:54:13,SKU-132,9.17,3914.37,9
2026-08-02 14:54:13,SKU-284,42.65,21345.99,47
2026-02-21 14:54:13,SKU-130,47.55,20564.72,44
2025-09-07 14:54:13,SKU-458,15.4,5659.95,15
2025-08-26 14:54:13,SKU-471,30.97,5014.8,30
2026-01-15 14:54:13,SKU-209,18.35,2733.77,17
2025-10-07 14:54:13,SKU-241,24.93,1500.24,24
2025-12-18 14:54:13,SKU-345,27.47,7895.75,25
2026-04-10 14:54:13,SKU-377,34.38,11563.2,33
2026-07-02 14:54:13,SKU-415,38.12,10187.58,39
2025-10-13 14:54:13,SKU-421,29.59,11446.2,30
2026-06-25 14:54:13,SKU-216,49.09,22198.96,49
2026-01-12 14:54:13,SKU-058,39.45,9743.37,39
2026-01-08 14:54:13,SKU-487,42.13,15293.07,39
2026-03-05 14:54:13,SKU-047,43.52,6163.62,43
2026-07-16 14:54:13,SKU-435,25.71,11594.52,28
2025-12-31 14:54:13,SKU-058,16.54,3997.28,16
2025-12-28 14:54:13,SKU-191,41.44,13475.28,39
2025-09-28 14:54:13,SKU-340,2.86,69.0,3
2026-06-28 14:54:13,SKU-316,23.28,5846.6,23
2026-07-03 14:54:13,SKU-282,10.22,1576.8,10
2025-11-14 14:54:13,SKU-076,43.03,20458.2,42
2026-03-10 14:54:13,SKU-017,20.65,5052.8,20
2026-07-30 14:54:13,SKU-495,50.17,1478.82,49
2025-09-07 14:54:13,SKU-053,12.44,6260.8,13
2026-01-30 14:54:13,SKU-200,19.72,300.6,18
2026-06-07 14:54:13,SKU-177,31.94,16869.3,35
2026-02-25 14:54:13,SKU-021,10.88,2764.56,12
2026-07-23 14:54:13,SKU-160,30.08,7243.2,32
2025-10-24 14:54:13,SKU-352,45.55,3441.72,46
2025-12-21 14:54:13,SKU-359,15.03,4868.0,16
2025-11-30 14:54:13,SKU-291,10.26,2772.55,11
2025-11-16 14:54:13,SKU-119,51.82,16008.0,48
2026-04-03 14:54:13,SKU-082,7.47,1521.44,8
2025-10-08 14:54:13,SKU-003,25.42,5640.72,24
2026-02-27 14:54:13,SKU-386,37.75,3545.28,36
2026-03-14 14:54:13,SKU-098,8.54,1512.45,9
2025-12-18 14:54:13,SKU-491,21.52,955.08,21
2025-10-17 14:54:13,SKU-165,13.62,1145.76,14
2026-04-14 14:54:13,SKU-428,51.07,19519.68,48
2026-03-31 14:54:13,SKU-334,21.53,6332.97,21
2025-10-20 14:54:13,SKU-250,37.03,6312.6,36
2026-05-08 14:54:13,SKU-488,18.21,1044.14,17
2025-09-18 14:54:13,SKU-291,40.96,9577.9,38
2025-12-21 14:54:13,SKU-187,31.19,3672.0,30
2025-11-21 14:54:13,SKU-143,36.13,12299.0,35
2026-04-03 14:54:13,SKU-055,22.68,3377.28,24
2025-09-11 14:54:13,SKU-428,30.84,12606.46,31
2025-08-13 14:54:13,SKU-469,6.24,2895.72,6
2026-08-10 14:54:13,SKU-088,28.76,13427.91,27
2026-04-14 14:54:13,SKU-255,12.88,3738.14,14
2025-10-29 14:54:13,SKU-078,9.39,1198.9,10
2026-02-12 14:54:13,SKU-124,36.38,1908.76,34
2025-10-02 14:54:13,SKU-206,27.05,3416.84,28
2025-12-23 14:54:13,SKU-358,48.51,6264.45,45
2025-09-24 14:54:13,SKU-241,7.53,437.57,7
2025-12-02 14:54:13,SKU-436,35.82,16910.4,39
2026-07-28 14:54:13,SKU-156,45.33,6761.48,44
2026-01-08 14:54:13,SKU-138,49.95,5527.2,48
2026-06-17 14:54:13,SKU-143,44.54,15110.2,43
2025-10-11 14:54:13,SKU-161,35.37,13878.54,39
2025-09-10 14:54:13,SKU-484,9.76,832.9,10
2026-05-03 14:54:13,SKU-169,11.94,560.12,11
2026-01-18 14:54:13,SKU-003,6.46,1645.21,7
2026-04-21 14:54:13,SKU-048,10.34,4108.3,10
2026-04-27 14:54:13,SKU-166,4.17,497.12,4
2026-05-10 14:54:13,SKU-484,44.72,3748.05,45
2025-10-19 14:54:13,SKU-500,31.79,13294.05,33
2025-08-15 14:54:13,SKU-181,4.68,1753.75,5
2025-12-10 14:54:13,SKU-040,6.92,925.05,7
2025-09-07 14:54:13,SKU-153,45.45,658.33,43
2026-07-18 14:54:13,SKU-049,18.15,241.38,18
2026-03-19 14:54:13,SKU-390,41.08,17377.03,41
2026-01-07 14:54:13,SKU-071,49.06,21206.4,47
2025-09-11 14:54:13,SKU-196,17.79,4662.22,19
2026-02-08 14:54:13,SKU-001,46.24,4594.48,46
2026-06-03 14:54:13,SKU-108,7.35,232.24,8
2026-08-06 14:54:13,SKU-302,31.58,14935.68,32
2026-03-23 14:54:13,SKU-317,14.13,2438.41,13
2026-03-29 14:54:13,SKU-168,45.53,13201.32,44
2025-09-27 14:54:13,SKU-121,10.62,2156.0,10
2025-08-21 14:54:13,SKU-223,27.29,3191.75,25
2026-06-16 14:54:13,SKU-302,43.69,21003.3,45
2025-12-23 14:54:13,SKU-340,35.13,759.0,33
2025-11-11 14:54:13,SKU-227,11.14,5841.84,12
2026-05-30 14:54:13,SKU-477,0.99,400.43,1
2026-06-04 14:54:13,SKU-457,10.81,4276.8,10
2026-07-16 14:54:13,SKU-446,29.97,3966.04,29
2026-06-08 14:54:13,SKU-324,49.29,1367.59,49
2025-12-09 14:54:13,SKU-077,3.27,743.85,3
2025-11-10 14:54:13,SKU-147,18.24,9411.65,19
2025-11-05 14:54:13,SKU-466,41.98,13228.4,40
2025-09-21 14:54:13,SKU-285,26.31,6422.05,29
2025-12-08 14:54:13,SKU-145,46.19,18166.95,45
2026-06-14 14:54:13,SKU-491,40.97,1773.72,39
2026-04-07 14:54:13,SKU-227,20.92,9736.4,20
2026-03-16 14:54:13,SKU-014,18.02,9663.2,20
2026-08-08 14:54:13,SKU-280,19.45,7916.94,18
2026-01-04 14:54:13,SKU-073,19.0,8592.0,20
2025-10-12 14:54:13,SKU-094,26.23,2419.3,26
2026-06-29 14:54:13,SKU-035,40.22,9655.6,40
2025-12-17 14:54:13,SKU-134,25.39,7805.04,24
2026-04-19 14:54:13,SKU-371,6.75,1772.54,7
2026-01-05 14:54:13,SKU-292,16.86,966.88,16
2025-09-09 14:54:13,SKU-344,29.25,8977.2,30
2026-03-27 14:54:13,SKU-368,34.3,6743.88,33
2026-08-06 14:54:13,SKU-150,21.93,2661.54,21
2025-11-20 14:54:13,SKU-283,32.29,6444.55,35
2026-07-02 14:54:13,SKU-316,34.24,8134.4,32
2026-04-12 14:54:13,SKU-464,2.84,270.54,3
2025-11-20 14:54:13,SKU-358,30.03,4176.3,30
2026-05-13 14:54:13,SKU-287,45.86,11879.72,47
2026-01-24 14:54:13,SKU-040,26.1,3568.05,27
2026-05-20 14:54:13,SKU-438,15.69,1306.5,15
2026-02-25 14:54:13,SKU-078,17.17,2038.13,17
2025-12-26 14:54:13,SKU-340,20.77,437.0,19
2026-01-10 14:54:13,SKU-414,26.26,7879.92,24
2026-08-03 14:54:13,SKU-450,31.08,2334.08,32
2026-07-03 14:54:13,SKU-101,6.9,3044.09,7
2026-02-09 14:54:13,SKU-353,6.56,2440.9,7
2026-07-09 14:54:13,SKU-333,1.97,237.54,2
2026-01-04 14:54:13,SKU-445,41.61,10736.14,38
2025-10-19 14:54:13,SKU-154,18.89,1094.6,20
2025-12-22 14:54:13,SKU-399,26.39,7537.04,28
2025-10-06 14:54:13,SKU-136,47.34,9760.31,49
2026-01-06 14:54:13,SKU-472,47.55,5300.82,49
2025-10-18 14:54:13,SKU-327,28.45,5984.73,29
2025-12-10 14:54:13,SKU-078,2.15,239.78,2
2026-01-03 14:54:13,SKU-114,17.16,6793.88,17
2025-11-04 14:54:13,SKU-460,38.04,16089.06,39
2026-05-14 14:54:13,SKU-165,1.05,81.84,1
2026-04-24 14:54:13,SKU-058,12.68,3247.79,13
2026-03-02 14:54:13,SKU-209,7.35,1125.67,7
2026-02-04 14:54:13,SKU-259,27.94,9413.04,26
2026-01-11 14:54:13,SKU-318,2.91,49.26,3
2025-09-23 14:54:13,SKU-156,15.96,2612.39,17
2026-06-28 14:54:13,SKU-030,8.75,3103.36,8
2025-11-24 14:54:13,SKU-483,42.51,11669.97,39
2025-10-28 14:54:13,SKU-447,1.84,624.58,2
2025-09-19 14:54:13,SKU-096,13.59,3761.29,13
2026-05-09 14:54:13,SKU-015,12.26,2070.38,13
2026-05-29 14:54:13,SKU-151,43.49,11075.51,43
2025-10-30 14:54:13,SKU-330,30.21,9766.8,30
2025-09-09 14:54:13,SKU-441,7.01,614.04,7
2025-11-12 14:54:13,SKU-450,19.75,1385.86,19
2025-11-07 14:54:13,SKU-387,32.18,5552.2,34
2025-08-24 14:54:13,SKU-214,39.05,7089.81,39
2025-09-22 14:54:13,SKU-224,2.83,706.38,3
2025-11-14 14:54:13,SKU-474,11.55,2660.57,11
2026-07-11 14:54:13,SKU-321,4.0,401.56,4
2026-07-07 14:54:13,SKU-266,24.4,6923.0,23
2025-11-21 14:54:13,SKU-003,16.46,3995.51,17
2025-11-22 14:54:13,SKU-347,3.21,1462.59,3
2026-06-04 14:54:13,SKU-417,1.9,202.7,2
2025-09-27 14:54:13,SKU-302,25.28,12601.98,27
2026-08-10 14:54:13,SKU-263,44.09,11324.04,42
2025-10-25 14:54:13,SKU-134,31.76,9756.3,30
2025-11-02 14:54:13,SKU-126,47.14,11540.94,46
2026-04-30 14:54:13,SKU-443,43.9,2926.0,40
2025-08-12 14:54:13,SKU-328,14.87,1387.96,14
2025-08-28 14:54:13,SKU-146,15.04,1551.2,16
2026-01-16 14:54:13,SKU-436,39.78,16043.2,37
2026-06-04 14:54:13,SKU-352,15.74,1271.94,17
2026-02-04 14:54:13,SKU-113,13.12,6305.91,13
2026-07-22 14:54:13,SKU-015,44.85,7007.44,44
2025-11-12 14:54:13,SKU-045,40.16,4361.06,43
2025-09-17 14:54:13,SKU-128,32.31,10288.41,33
2025-08-17 14:54:13,SKU-357,45.33,4890.6,44
2026-06-22 14:54:13,SKU-194,1.05,214.94,1
2025-08-28 14:54:13,SKU-089,40.89,19488.04,44
2025-10-16 14:54:13,SKU-310,28.33,3211.17,29
2026-02-13 14:54:13,SKU-059,39.71,8218.59,43
2025-08-18 14:54:13,SKU-098,14.85,2352.7,14
2025-10-05 14:54:13,SKU-134,34.89,10731.93,33
2025-11-06 14:54:13,SKU-114,9.38,3996.4,10
2026-01-01 14:54:13,SKU-023,40.0,17795.89,37
2026-07-27 14:54:13,SKU-108,6.3,174.18,6
2026-06-13 14:54:13,SKU-485,37.95,14423.64,42
2025-12-09 14:54:13,SKU-302,21.81,9801.54,21
2026-06-25 14:54:13,SKU-325,50.84,7549.92,49
2025-10-22 14:54:13,SKU-325,43.45,6779.52,44
2026-02-19 14:54:13,SKU-227,48.33,22880.54,47
2026-03-26 14:54:13,SKU-359,36.63,11257.25,37
2025-10-30 14:54:13,SKU-099,12.72,4604.86,13
2026-08-02 14:54:13,SKU-442,50.93,20985.6,48
2026-04-28 14:54:13,SKU-081,6.29,965.7,6
2026-03-20 14:54:13,SKU-481,19.7,5956.02,21
2025-08-13 14:54:13,SKU-411,30.32,6223.69,29
2026-03-26 14:54:13,SKU-049,35.58,455.94,34
2026-04-24 14:54:13,SKU-193,4.15,856.6,4
2026-01-03 14:54:13,SKU-366,32.93,6265.52,34
2026-02-15 14:54:13,SKU-278,21.28,2229.48,22
2025-11-04 14:54:13,SKU-412,6.11,2968.2,6
2026-07-03 14:54:13,SKU-194,16.04,3653.98,17
2025-12-18 14:54:13,SKU-364,7.39,379.89,7
2026-05-02 14:54:13,SKU-467,28.97,12849.84,27
2026-02-22 14:54:13,SKU-085,20.94,7093.17,21
2025-12-18 14:54:13,SKU-177,17.47,8193.66,17
2025-08-30 14:54:13,SKU-088,38.72,18898.54,38
2026-07-30 14:54:13,SKU-126,32.25,8028.48,32
2025-10-12 14:54:13,SKU-170,23.96,7090.5,25
2025-11-07 14:54:13,SKU-387,27.5,4572.4,28
2026-08-09 14:54:13,SKU-176,7.76,1200.0,8
2025-12-07 14:54:13,SKU-042,38.06,14368.04,41
2026-02-02 14:54:13,SKU-147,32.82,15851.2,32
2025-10-23 14:54:13,SKU-420,30.69,3046.72,32
2026-07-04 14:54:13,SKU-115,31.8,12361.14,33
2026-03-04 14:54:13,SKU-038,1.81,450.54,2
2025-11-16 14:54:13,SKU-108,20.61,551.57,19
2025-11-08 14:54:13,SKU-298,50.47,8251.94,46
2025-11-14 14:54:13,SKU-476,19.94,8054.86,19
2026-05-17 14:54:13,SKU-147,24.17,11888.4,24
2026-05-11 14:54:13,SKU-120,11.15,5734.56,12
2025-10-31 14:54:13,SKU-432,16.6,1886.24,16
2025-09-12 14:54:13,SKU-407,26.32,3500.64,24
2025-11-02 14:54:13,SKU-189,32.46,11619.3,33
2025-10-21 14:54:13,SKU-186,10.87,1021.8,10
2025-11-14 14:54:13,SKU-153,44.97,704.26,46
2025-09-30 14:54:13,SKU-316,44.54,12201.6,48
2026-03-10 14:54:13,SKU-432,39.02,4715.6,40
2026-03-28 14:54:13,SKU-469,51.56,22683.14,47
2025-10-19 14:54:13,SKU-143,9.63,3514.0,10
2025-11-27 14:54:13,SKU-336,10.65,1393.81,11
2025-11-10 14:54:13,SKU-328,2.89,297.42,3
2025-10-01 14:54:13,SKU-206,26.94,3538.87,29
2025-08-13 14:54:13,SKU-303,1.07,397.14,1
2025-09-13 14:54:13,SKU-214,36.28,5999.07,33
2026-05-09 14:54:13,SKU-258,35.31,8265.51,33
2026-06-14 14:54:13,SKU-040,16.23,2378.7,18
2025-10-09 14:54:13,SKU-087,34.31,788.76,36
2026-04-22 14:54:13,SKU-102,33.69,8598.48,33
2025-12-19 14:54:13,SKU-235,31.92,338.1,30
2026-06-20 14:54:13,SKU-017,29.29,8084.48,32
2026-07-10 14:54:13,SKU-391,15.58,6242.55,15
2025-10-29 14:54:13,SKU-008,37.74,873.3,41
2026-04-15 14:54:13,SKU-216,26.54,13138.16,29
2026-04-11 14:54:13,SKU-005,30.66,14557.8,30
2026-04-28 14:54:13,SKU-498,43.35,1525.21,43
2026-07-21 14:54:13,SKU-305,14.17,3049.48,14
2025-10-31 14:54:13,SKU-474,21.35,4837.4,20
2026-06-22 14:54:13,SKU-175,9.38,1263.8,10
2026-07-30 14:54:13,SKU-395,29.07,7393.14,27
2026-04-16 14:54:13,SKU-434,4.17,1010.48,4
2026-07-13 14:54:13,SKU-060,50.4,15671.67,49
2026-05-18 14:54:13,SKU-340,37.11,920.0,40
2026-05-12 14:54:13,SKU-289,14.58,5346.3,15
2025-10-09 14:54:13,SKU-208,41.68,11922.75,45
2026-01-17 14:54:13,SKU-278,12.98,1317.42,13
2026-03-07 14:54:13,SKU-500,4.99,2014.25,5
2026-03-17 14:54:13,SKU-097,4.87,672.7,5
2026-05-11 14:54:13,SKU-432,30.34,3654.59,31
2026-03-03 14:54:13,SKU-127,37.91,9982.98,42
2026-05-19 14:54:13,SKU-267,19.55,5855.22,21
2026-02-05 14:54:13,SKU-312,20.56,5466.4,20
2025-08-15 14:54:13,SKU-057,12.85,4491.62,14
2026-06-10 14:54:13,SKU-324,24.78,669.84,24
2025-08-13 14:54:13,SKU-457,9.51,3849.12,9
2026-05-17 14:54:13,SKU-083,3.64,1788.4,4
2025-12-04 14:54:13,SKU-001,32.05,3495.8,35
2026-05-03 14:54:13,SKU-146,10.46,969.5,10
2026-03-20 14:54:13,SKU-385,15.0,439.8,15
2026-03-11 14:54:13,SKU-099,14.46,5313.3,15
2025-10-01 14:54:13,SKU-301,7.08,2167.27,7
2025-11-30 14:54:13,SKU-411,12.35,2789.93,13
2025-10-22 14:54:13,SKU-044,5.28,2185.1,5
2025-10-17 14:54:13,SKU-388,17.01,1669.92,16
2025-11-20 14:54:13,SKU-292,36.11,2115.05,35
2025-10-10 14:54:13,SKU-081,19.03,2897.1,18
2025-10-06 14:54:13,SKU-332,32.84,14349.39,33
2025-08-21 14:54:13,SKU-012,13.34,5607.81,13
2026-08-05 14:54:13,SKU-217,3.15,785.55,3
2025-10-30 14:54:13,SKU-045,3.2,304.26,3
2025-11-09 14:54:13,SKU-102,42.91,10943.52,42
2025-10-26 14:54:13,SKU-274,45.63,4638.9,42
2026-03-19 14:54:13,SKU-485,5.98,2060.52,6
2025-11-26 14:54:13,SKU-112,44.49,14182.96,44
2025-10-07 14:54:13,SKU-084,34.55,14780.02,37
2026-07-02 14:54:13,SKU-477,28.78,11612.47,29
2026-03-13 14:54:13,SKU-165,15.86,1309.44,16
2025-12-26 14:54:13,SKU-428,12.86,4879.92,12
2026-05-31 14:54:13,SKU-019,37.17,8078.21,37
2026-06-07 14:54:13,SKU-368,31.58,6948.24,34
2025-11-01 14:54:13,SKU-353,26.18,9414.9,27
2026-07-17 14:54:13,SKU-007,6.63,1113.56,7
2026-03-28 14:54:13,SKU-128,17.05,5611.86,18
2026-05-18 14:54:13,SKU-352,12.81,1047.48,14
2026-08-09 14:54:13,SKU-260,16.92,2649.42,18
2026-08-05 14:54:13,SKU-355,24.64,6727.27,23
2026-03-05 14:54:13,SKU-338,23.14,11819.0,25
2026-05-10 14:54:13,SKU-212,11.03,3556.19,11
2026-01-10 14:54:13,SKU-404,43.77,15599.64,42
2026-04-12 14:54:13,SKU-287,1.08,252.76,1
2025-11-10 14:54:13,SKU-496,21.77,10001.46,21
2026-07-02 14:54:13,SKU-387,41.11,7021.9,43
2025-10-24 14:54:13,SKU-186,46.85,4598.1,45
2026-03-08 14:54:13,SKU-416,51.41,4535.5,47
2025-11-21 14:54:13,SKU-192,50.98,22361.15,49
2026-07-12 14:54:13,SKU-220,22.59,9669.25,25
2026-03-10 14:54:13,SKU-494,28.59,9043.84,26
2026-06-21 14:54:13,SKU-102,50.39,12767.44,49
2026-03-30 14:54:13,SKU-415,12.04,3134.64,12
2026-05-03 14:54:13,SKU-420,6.33,571.26,6
2026-07-23 14:54:13,SKU-031,7.44,1485.2,8
2025-08-11 14:54:13,SKU-431,41.41,1525.5,45
2025-12-23 14:54:13,SKU-207,16.09,2782.5,15
2025-12-10 14:54:13,SKU-414,13.82,4596.62,14
2025-10-16 14:54:13,SKU-036,4.83,1913.9,5
2026-03-16 14:54:13,SKU-011,2.16,523.94,2
2025-12-26 14:54:13,SKU-060,36.13,12473.37,39
2025-11-10 14:54:13,SKU-189,35.3,13379.8,38
2025-09-24 14:54:13,SKU-075,43.83,12959.76,44
2026-01-18 14:54:13,SKU-175,3.15,379.14,3
2026-05-07 14:54:13,SKU-361,23.04,4949.6,23
2026-02-08 14:54:13,SKU-376,38.18,14808.96,36
2025-12-22 14:54:13,SKU-436,29.85,14308.8,33
2026-07-13 14:54:13,SKU-166,8.18,1118.52,9
2025-09-25 14:54:13,SKU-327,29.26,5778.36,28
2026-04-03 14:54:13,SKU-432,5.07,589.45,5
2026-02-07 14:54:13,SKU-454,16.68,735.08,17
2026-06-07 14:54:13,SKU-223,8.12,1149.03,9
2026-04-04 14:54:13,SKU-484,13.86,1082.77,13
2026-05-03 14:54:13,SKU-420,14.95,1523.36,16
2026-08-05 14:54:13,SKU-019,6.54,1309.98,6
2025-11-13 14:54:13,SKU-103,48.91,18453.36,46
2025-09-16 14:54:13,SKU-213,8.89,4072.86,9
2026-06-09 14:54:13,SKU-362,21.23,4552.8,21
2026-07-27 14:54:13,SKU-344,5.42,1795.44,6
2026-01-22 14:54:13,SKU-306,13.08,6025.89,13
2025-12-17 14:54:13,SKU-123,48.3,8698.48,49
2026-06-15 14:54:13,SKU-083,11.07,5365.2,12
2025-09-22 14:54:13,SKU-303,18.89,7942.8,20
2026-04-21 14:54:13,SKU-144,13.91,6159.44,14
2026-05-29 14:54:13,SKU-149,20.36,4844.62,22
2025-09-04 14:54:13,SKU-147,2.97,1486.05,3
2026-04-18 14:54:13,SKU-181,32.33,11925.5,34
2026-02-01 14:54:13,SKU-170,29.39,7657.74,27
2025-12-15 14:54:13,SKU-134,45.92,14959.66,46
2026-06-02 14:54:13,SKU-209,44.54,7718.88,48
2026-05-26 14:54:13,SKU-493,40.04,2037.0,42
2025-12-14 14:54:13,SKU-268,34.01,3483.2,32
2026-04-28 14:54:13,SKU-334,4.83,1507.85,5
2025-10-09 14:54:13,SKU-493,49.21,2231.0,46
2026-01-26 14:54:13,SKU-478,17.05,7765.6,17
2025-11-30 14:54:13,SKU-364,35.5,1953.72,36
2025-12-01 14:54:13,SKU-483,30.84,9874.59,33
2026-07-13 14:54:13,SKU-036,37.89,14928.42,39
2026-06-10 14:54:13,SKU-389,41.95,18907.6,40
2025-09-19 14:54:13,SKU-124,12.93,729.82,13
2026-07-12 14:54:13,SKU-352,20.76,1646.04,22
2026-03-03 14:54:13,SKU-400,12.87,5987.88,12
2026-04-25 14:54:13,SKU-210,3.29,854.58,3
2025-08-21 14:54:13,SKU-328,12.26,1189.68,12
2025-11-06 14:54:13,SKU-393,52.35,21738.85,49
2026-04-11 14:54:13,SKU-465,23.36,3436.4,22
2026-01-21 14:54:13,SKU-477,26.38,9610.32,24
2026-07-21 14:54:13,SKU-238,42.23,8775.42,46
2025-09-26 14:54:13,SKU-306,21.47,10661.19,23
2026-04-04 14:54:13,SKU-499,12.7,5619.0,12
2026-01-19 14:54:13,SKU-180,32.49,14731.84,32
2025-09-14 14:54:13,SKU-085,41.21,14186.34,42
2025-08-17 14:54:13,SKU-253,40.81,5175.84,41
2026-08-03 14:54:13,SKU-138,46.04,5066.6,44
2026-06-24 14:54:13,SKU-163,9.91,595.5,10
2026-03-27 14:54:13,SKU-020,34.43,3520.3,35
2026-04-05 14:54:13,SKU-328,33.61,3073.34,31
2026-04-17 14:54:13,SKU-107,15.47,6905.6,16
2026-03-18 14:54:13,SKU-416,11.62,1061.5,11
2026-05-02 14:54:13,SKU-286,28.65,4874.8,28
2026-03-14 14:54:13,SKU-156,15.38,2305.05,15
2026-06-09 14:54:13,SKU-161,36.88,12099.24,34
2026-01-19 14:54:13,SKU-157,42.14,14260.26,42
2025-09-30 14:54:13,SKU-330,48.63,14650.2,45
2026-01-19 14:54:13,SKU-075,22.81,6185.34,21
2026-05-14 14:54:13,SKU-182,0.99,91.45,1
2025-11-04 14:54:13,SKU-245,6.71,869.96,7
2026-05-16 14:54:13,SKU-180,19.35,9667.77,21
2026-01-25 14:54:13,SKU-332,8.87,3913.47,9
2025-12-04 14:54:13,SKU-395,34.45,8762.24,32
2026-03-05 14:54:13,SKU-056,43.89,8667.81,41
2026-07-31 14:54:13,SKU-281,18.33,7792.47,19
2025-09-29 14:54:13,SKU-081,20.98,3701.85,23
2025-12-26 14:54:13,SKU-001,8.03,799.04,8
2026-01-19 14:54:13,SKU-154,17.21,1039.87,19
2025-12-17 14:54:13,SKU-243,49.5,4767.36,48
2025-11-02 14:54:13,SKU-431,32.27,1017.0,30
2026-01-02 14:54:13,SKU-416,42.99,4053.0,42
2026-02-22 14:54:13,SKU-166,42.04,4846.92,39
2025-08-23 14:54:13,SKU-238,25.03,5150.79,27
2026-08-10 14:54:13,SKU-210,35.07,9400.38,33
2026-04-27 14:54:13,SKU-196,9.46,2208.42,9
2026-04-11 14:54:13,SKU-279,1.93,641.08,2
2026-04-30 14:54:13,SKU-410,35.52,14231.16,36
2026-01-21 14:54:13,SKU-113,4.24,1940.28,4
2026-03-31 14:54:13,SKU-409,28.36,3040.44,26
2026-01-12 14:54:13,SKU-092,13.69,6419.55,15
2025-10-29 14:54:13,SKU-103,21.42,9226.68,23
2025-09-12 14:54:13,SKU-265,34.57,16334.15,35
2026-05-17 14:54:13,SKU-050,21.99,5941.68,24
2025-09-18 14:54:13,SKU-147,24.97,12383.75,25
2026-01-10 14:54:13,SKU-230,24.32,690.66,27
2025-11-26 14:54:13,SKU-453,29.92,13085.16,33
2025-12-09 14:54:13,SKU-111,15.58,6761.44,16
2026-02-28 14:54:13,SKU-203,35.55,16079.96,34
2026-05-18 14:54:13,SKU-471,30.31,4847.64,29
2026-07-28 14:54:13,SKU-111,34.65,14368.06,34
2025-08-31 14:54:13,SKU-488,29.32,1781.18,29
2025-09-12 14:54:13,SKU-124,8.75,449.12,8
2026-06-03 14:54:13,SKU-453,9.8,3965.2,10
2026-02-16 14:54:13,SKU-216,12.08,4983.44,11
2025-11-11 14:54:13,SKU-067,45.2,5397.6,48
2026-03-27 14:54:13,SKU-113,7.55,3395.49,7
2026-05-04 14:54:13,SKU-182,42.28,4023.8,44
2026-01-12 14:54:13,SKU-472,18.14,2055.42,19
2025-12-27 14:54:13,SKU-485,20.64,6524.98,19
2026-07-22 14:54:13,SKU-469,23.51,10617.64,22
2026-06-22 14:54:13,SKU-142,36.91,5331.96,36
2026-08-08 14:54:13,SKU-297,21.8,5518.6,20
2025-11-21 14:54:13,SKU-126,3.99,1003.56,4
2025-10-07 14:54:13,SKU-110,24.23,2778.0,24
2026-01-15 14:54:13,SKU-058,13.1,2997.96,12
2026-02-16 14:54:13,SKU-485,36.68,13736.8,40
2025-10-28 14:54:13,SKU-452,18.12,6399.6,20
2026-01-06 14:54:13,SKU-374,9.96,2122.7,10
2025-10-04 14:54:13,SKU-432,37.05,4715.6,40
2025-11-11 14:54:13,SKU-232,7.86,584.72,8
2026-07-07 14:54:13,SKU-394,4.31,1460.56,4
2025-09-19 14:54:13,SKU-163,12.6,714.6,12
2026-03-11 14:54:13,SKU-078,46.62,5754.72,48
2026-02-19 14:54:13,SKU-484,23.93,1832.38,22
2026-02-21 14:54:13,SKU-212,15.12,4526.06,14
2025-11-16 14:54:13,SKU-040,4.09,528.6,4
2025-09-06 14:54:13,SKU-165,46.6,3682.8,45
2025-11-13 14:54:13,SKU-434,44.38,10357.42,41
2026-07-27 14:54:13,SKU-372,3.25,521.34,3
2025-12-04 14:54:13,SKU-353,12.71,4533.1,13
2026-03-06 14:54:13,SKU-165,21.31,1718.64,21
2026-01-29 14:54:13,SKU-056,14.27,2748.33,13
2026-05-26 14:54:13,SKU-201,36.89,10057.71,37
2026-07-21 14:54:13,SKU-408,40.94,2609.24,41
2026-06-13 14:54:13,SKU-424,47.34,13829.28,47
2026-06-22 14:54:13,SKU-109,18.44,3061.08,18
2026-01-25 14:54:13,SKU-146,0.98,96.95,1
2026-05-22 14:54:13,SKU-154,30.92,1860.82,34
2026-06-24 14:54:13,SKU-048,17.86,7394.94,18
2026-04-29 14:54:13,SKU-283,42.24,7181.07,39
2025-09-10 14:54:13,SKU-262,37.54,4418.16,41
2026-01-26 14:54:13,SKU-312,44.95,12026.08,44
2025-09-02 14:54:13,SKU-230,28.1,716.24,28
2026-03-08 14:54:13,SKU-007,21.24,3181.6,20
2026-03-30 14:54:13,SKU-106,32.55,2837.01,33
2025-11-28 14:54:13,SKU-495,0.99,30.18,1
2026-06-03 14:54:13,SKU-328,47.89,4362.16,44
2026-05-31 14:54:13,SKU-414,33.89,11491.55,35
2025-11-20 14:54:13,SKU-392,4.27,1138.92,4
2026-02-27 14:54:13,SKU-397,43.86,19780.65,45
2025-08-26 14:54:13,SKU-056,12.31,2536.92,12
2026-01-15 14:54:13,SKU-147,15.83,7925.6,16
2025-09-02 14:54:13,SKU-069,36.62,9999.7,38
2026-01-02 14:54:13,SKU-376,44.23,20156.64,49
2025-08-23 14:54:13,SKU-410,43.31,17393.64,44
2025-09-24 14:54:13,SKU-341,41.77,13601.74,46
2025-10-31 14:54:13,SKU-206,3.95,488.12,4
2025-10-26 14:54:13,SKU-404,35.12,13371.12,36
2025-12-24 14:54:13,SKU-291,36.53,10082.0,40
2025-09-15 14:54:13,SKU-367,5.5,933.54,6
2026-04-19 14:54:13,SKU-214,6.38,1090.74,6
2025-08-26 14:54:13,SKU-329,40.25,7523.88,39
2026-03-23 14:54:13,SKU-294,19.51,4941.54,18
2025-08-11 14:54:13,SKU-219,14.36,1231.05,15
2026-05-14 14:54:13,SKU-464,0.94,90.18,1
2025-09-18 14:54:13,SKU-396,36.02,11717.53,37
2026-02-12 14:54:13,SKU-159,34.52,15383.28,33
2025-11-22 14:54:13,SKU-239,11.13,446.05,11
2025-09-30 14:54:13,SKU-089,48.14,19488.04,44
2025-09-15 14:54:13,SKU-314,28.69,12881.12,28
2025-11-19 14:54:13,SKU-486,39.08,15073.22,43
2026-07-25 14:54:13,SKU-291,39.88,10334.05,41
2025-11-02 14:54:13,SKU-227,17.97,8275.94,17
2026-04-22 14:54:13,SKU-249,32.79,10316.88,36
2026-07-04 14:54:13,SKU-158,38.27,16312.67,41
2025-12-09 14:54:13,SKU-223,5.46,766.02,6
2026-08-03 14:54:13,SKU-341,41.87,12714.67,43
2026-02-18 14:54:13,SKU-028,47.1,4724.28,44
2026-01-12 14:54:13,SKU-472,27.97,2920.86,27
2025-10-06 14:54:13,SKU-413,26.48,3458.56,28
2025-09-27 14:54:13,SKU-064,24.13,8946.52,22
2026-01-08 14:54:13,SKU-156,30.39,5071.11,33
2025-10-10 14:54:13,SKU-256,28.89,15957.12,32
2026-01-19 14:54:13,SKU-396,28.18,9184.01,29
2025-08-12 14:54:13,SKU-071,35.08,14889.6,33
2026-02-05 14:54:13,SKU-146,8.1,775.6,8
2026-02-13 14:54:13,SKU-299,29.68,5335.2,30
2026-06-30 14:54:13,SKU-476,40.34,16533.66,39
2026-05-16 14:54:13,SKU-379,20.44,10108.56,22
2026-01-17 14:54:13,SKU-396,9.39,2850.21,9
2026-02-25 14:54:13,SKU-346,27.85,12525.68,29
2025-11-13 14:54:13,SKU-089,28.84,12844.39,29
2026-01-17 14:54:13,SKU-237,8.02,3946.16,8
2025-09-21 14:54:13,SKU-367,7.45,1244.72,8
2025-10-19 14:54:13,SKU-335,5.27,487.45,5
2026-04-02 14:54:13,SKU-323,44.48,17281.27,43
2025-09-14 14:54:13,SKU-329,18.03,3665.48,19
2026-06-01 14:54:13,SKU-482,10.91,414.6,10
2026-04-29 14:54:13,SKU-257,45.78,22311.84,46
2026-01-18 14:54:13,SKU-294,2.94,823.59,3
2025-09-24 14:54:13,SKU-035,20.78,5310.58,22
2025-08-27 14:54:13,SKU-254,4.95,2134.5,5
2026-03-14 14:54:13,SKU-256,31.06,15458.46,31
2025-08-17 14:54:13,SKU-286,53.48,8530.9,49
2026-01-04 14:54:13,SKU-091,42.12,11514.85,41
2025-10-01 14:54:13,SKU-150,29.0,3421.98,27
2026-07-27 14:54:13,SKU-109,25.17,4251.5,25
2026-05-19 14:54:13,SKU-202,4.98,1410.8,5
2026-07-30 14:54:13,SKU-247,6.93,2295.44,7
2026-06-15 14:54:13,SKU-011,7.87,2095.76,8
2026-03-23 14:54:13,SKU-492,26.29,11061.0,25
2026-07-22 14:54:13,SKU-379,27.48,13324.92,29
2026-08-10 14:54:13,SKU-357,42.3,5001.75,45
2025-10-08 14:54:13,SKU-472,15.29,1622.7,15
2026-03-24 14:54:13,SKU-300,34.66,3065.04,36
2025-12-05 14:54:13,SKU-313,12.12,2858.28,12
2026-01-02 14:54:13,SKU-294,29.7,7412.31,27
2025-10-13 14:54:13,SKU-267,36.68,10873.98,39
2025-09-24 14:54:13,SKU-450,23.85,1750.56,24
2026-02-03 14:54:13,SKU-415,46.7,11232.46,43
2025-11-23 14:54:13,SKU-440,13.44,4805.78,14
2025-11-26 14:54:13,SKU-171,20.97,9990.42,22
2025-09-19 14:54:13,SKU-283,23.71,4787.38,26
2026-01-30 14:54:13,SKU-487,23.73,10195.38,26
2026-05-21 14:54:13,SKU-006,3.27,297.27,3
2026-04-16 14:54:13,SKU-013,12.95,544.44,13
2026-01-22 14:54:13,SKU-040,30.13,4096.65,31
2026-08-10 14:54:13,SKU-137,12.0,1446.64,13
2026-05-18 14:54:13,SKU-459,29.97,11828.05,31
2026-07-03 14:54:13,SKU-313,24.38,5716.56,24
2026-06-09 14:54:13,SKU-426,41.42,3232.24,44
2026-07-22 14:54:13,SKU-239,47.84,1905.85,47
2025-12-27 14:54:13,SKU-463,33.39,8096.71,37
2026-02-08 14:54:13,SKU-244,3.02,340.83,3
2026-08-01 14:54:13,SKU-053,42.98,21672.0,45
2025-10-08 14:54:13,SKU-375,19.52,5456.88,18
2026-05-21 14:54:13,SKU-149,47.59,10570.08,48
2025-12-17 14:54:13,SKU-028,30.09,3328.47,31
2026-07-30 14:54:13,SKU-426,44.85,3379.16,46
2025-08-13 14:54:13,SKU-092,34.01,13267.07,31
2026-01-12 14:54:13,SKU-044,21.84,10488.48,24
2026-01-28 14:54:13,SKU-099,18.33,7084.4,20
2025-12-18 14:54:13,SKU-500,3.67,1611.4,4
2025-11-14 14:54:13,SKU-217,18.39,4451.45,17
2025-08-15 14:54:13,SKU-286,12.5,2089.2,12
2026-04-16 14:54:13,SKU-294,17.7,4667.01,17
2025-09-19 14:54:13,SKU-365,33.19,1390.08,32
2025-12-16 14:54:13,SKU-367,33.54,4823.29,31
2026-03-16 14:54:13,SKU-469,29.27,13513.36,28
2026-04-09 14:54:13,SKU-277,31.71,3699.2,34
2026-02-07 14:54:13,SKU-404,42.39,17456.74,47
2025-10-06 14:54:13,SKU-319,28.8,2819.96,29
2026-06-21 14:54:13,SKU-466,23.17,7275.62,22
2025-11-16 14:54:13,SKU-345,47.66,13896.52,44
2025-10-24 14:54:13,SKU-372,14.49,2606.7,15
2025-09-24 14:54:13,SKU-181,22.67,7365.75,21
2026-01-23 14:54:13,SKU-034,6.07,1798.44,6
2026-04-14 14:54:13,SKU-133,42.97,11679.2,40
2025-09-02 14:54:13,SKU-156,8.26,1229.36,8
2025-09-29 14:54:13,SKU-459,10.39,3815.5,10
2025-12-04 14:54:13,SKU-020,30.6,2816.24,28
2025-10-02 14:54:13,SKU-339,50.98,785.76,48
2026-05-02 14:54:13,SKU-338,3.83,1891.04,4
2025-10-22 14:54:13,SKU-290,9.03,237.87,9
2025-12-29 14:54:13,SKU-459,39.02,14498.9,38
2026-04-30 14:54:13,SKU-260,16.42,2207.85,15
2026-03-22 14:54:13,SKU-203,27.58,12769.38,27
2026-08-01 14:54:13,SKU-081,19.77,3058.05,19
2026-06-21 14:54:13,SKU-045,22.24,2129.82,21
2026-04-25 14:54:13,SKU-142,27.17,4295.19,29
2025-09-24 14:54:13,SKU-429,22.14,8886.0,24
2025-10-02 14:54:13,SKU-140,41.83,14908.5,45
2026-05-16 14:54:13,SKU-269,10.78,1347.7,10
2026-05-07 14:54:13,SKU-242,37.18,6956.74,34
2026-07-27 14:54:13,SKU-464,6.82,631.26,7
2025-10-10 14:54:13,SKU-100,41.81,15857.01,39
2025-08-27 14:54:13,SKU-119,49.47,16341.5,49
2025-09-25 14:54:13,SKU-078,29.99,3476.81,29
2026-06-07 14:54:13,SKU-228,18.02,2034.73,17
2025-09-22 14:54:13,SKU-434,4.26,1010.48,4
2026-03-12 14:54:13,SKU-203,44.06,21282.3,45
2025-11-12 14:54:13,SKU-284,35.3,14987.61,33
2025-11-09 14:54:13,SKU-118,21.38,1733.0,20
2025-08-29 14:54:13,SKU-492,49.96,20794.68,47
2026-04-15 14:54:13,SKU-289,3.1,1069.26,3
2026-06-04 14:54:13,SKU-417,20.44,2229.7,22
2026-05-28 14:54:13,SKU-303,18.78,7942.8,20
2026-07-08 14:54:13,SKU-438,17.56,1393.6,16
2025-12-30 14:54:13,SKU-248,19.01,4917.24,18
2026-03-23 14:54:13,SKU-222,34.33,5817.06,34
2026-02-14 14:54:13,SKU-305,53.3,10673.18,49
2025-10-19 14:54:13,SKU-390,23.56,9324.26,22
2025-09-18 14:54:13,SKU-399,3.21,807.54,3
2026-06-08 14:54:13,SKU-003,21.39,5170.66,22
2025-08-29 14:54:13,SKU-097,34.31,4843.44,36
2026-07-27 14:54:13,SKU-057,46.74,13795.69,43
2026-01-01 14:54:13,SKU-141,16.77,5503.84,16
2026-03-10 14:54:13,SKU-052,43.58,8523.08,41
2025-08-23 14:54:13,SKU-039,4.21,656.12,4
2026-07-30 14:54:13,SKU-104,39.19,17333.16,39
2025-11-11 14:54:13,SKU-088,42.66,22877.18,46
2025-09-26 14:54:13,SKU-109,21.02,3741.32,22
2025-09-20 14:54:13,SKU-409,2.98,350.82,3
2026-05-06 14:54:13,SKU-095,42.28,19217.52,41
2026-01-19 14:54:13,SKU-171,15.69,7719.87,17
2025-09-15 14:54:13,SKU-469,41.35,19304.8,40
2025-12-27 14:54:13,SKU-092,47.68,20542.56,48
2026-04-03 14:54:13,SKU-099,14.6,5313.3,15
2026-06-09 14:54:13,SKU-199,2.9,718.98,3
2026-03-15 14:54:13,SKU-264,46.48,16993.24,44
2026-02-15 14:54:13,SKU-460,20.29,8663.34,21
2026-05-07 14:54:13,SKU-194,47.31,9887.24,46
2025-11-30 14:54:13,SKU-239,4.95,202.75,5
2026-01-08 14:54:13,SKU-311,47.82,14373.54,47
2025-12-03 14:54:13,SKU-395,10.36,3012.02,11
2026-08-02 14:54:13,SKU-111,30.59,12255.11,29
2025-12-05 14:54:13,SKU-309,44.1,9401.28,48
2026-07-18 14:54:13,SKU-106,2.04,171.94,2
2026-07-26 14:54:13,SKU-176,6.98,1050.0,7
2025-08-13 14:54:13,SKU-076,15.68,8280.7,17
2025-11-05 14:54:13,SKU-008,36.97,809.4,38
2025-12-11 14:54:13,SKU-074,39.84,1946.74,38
2025-11-27 14:54:13,SKU-430,14.36,2696.68,14
2026-06-02 14:54:13,SKU-090,10.61,4770.1,10
2025-11-25 14:54:13,SKU-488,44.1,2579.64,42
2026-02-04 14:54:13,SKU-420,40.06,3808.4,40
2026-05-24 14:54:13,SKU-263,1.07,269.62,1
2026-04-13 14:54:13,SKU-064,14.19,5286.58,13
2026-05-28 14:54:13,SKU-093,14.8,1553.25,15
2026-04-27 14:54:13,SKU-339,44.14,736.65,45
2026-01-24 14:54:13,SKU-435,34.19,13250.88,32
2026-03-10 14:54:13,SKU-058,2.01,499.66,2
2026-04-24 14:54:13,SKU-011,46.35,12574.56,48
2025-10-30 14:54:13,SKU-394,32.85,10954.2,30
2025-11-28 14:54:13,SKU-019,32.67,7423.22,34
2026-04-22 14:54:13,SKU-491,17.89,773.16,17
2025-11-04 14:54:13,SKU-499,11.4,5150.75,11
2026-01-30 14:54:13,SKU-301,20.48,6501.81,21
2025-12-07 14:54:13,SKU-019,51.39,10261.51,47
2026-03-10 14:54:13,SKU-227,33.42,17525.52,36
2026-01-08 14:54:13,SKU-321,33.62,3112.09,31
2026-02-17 14:54:13,SKU-051,36.29,4970.35,35
2025-09-01 14:54:13,SKU-237,48.46,22690.42,46
2026-08-10 14:54:13,SKU-127,34.78,8556.84,36
2025-11-09 14:54:13,SKU-128,2.1,623.54,2
2025-11-28 14:54:13,SKU-186,28.97,3065.4,30
2026-01-20 14:54:13,SKU-481,10.66,3119.82,11
2026-08-06 14:54:13,SKU-409,30.76,3625.14,31
2025-09-30 14:54:13,SKU-097,37.18,4574.36,34
2026-05-30 14:54:13,SKU-184,51.09,22465.03,49
2025-12-07 14:54:13,SKU-101,20.38,9132.27,21
2026-02-25 14:54:13,SKU-181,31.47,10171.75,29
2026-07-04 14:54:13,SKU-190,40.94,6305.13,39
2025-12-18 14:54:13,SKU-275,46.02,22734.04,49
2026-06-24 14:54:13,SKU-425,27.02,13198.8,30
2025-11-18 14:54:13,SKU-190,27.63,4365.09,27
2025-09-28 14:54:13,SKU-052,38.8,7483.68,36
2025-10-03 14:54:13,SKU-251,4.89,1538.5,5
2026-05-29 14:54:13,SKU-354,33.65,12805.17,31
2026-03-18 14:54:13,SKU-081,21.26,3379.95,21
2025-10-16 14:54:13,SKU-319,29.19,2917.2,30
2026-04-26 14:54:13,SKU-198,45.29,20709.36,49
2025-12-17 14:54:13,SKU-300,37.96,3065.04,36
2026-07-14 14:54:13,SKU-294,21.97,6314.19,23
2025-09-20 14:54:13,SKU-179,22.4,687.94,22
2026-06-10 14:54:13,SKU-237,12.82,6412.51,13
2026-07-31 14:54:13,SKU-278,18.53,1722.78,17
2026-07-21 14:54:13,SKU-317,5.81,1125.42,6
2026-01-02 14:54:13,SKU-351,33.63,4499.88,33
2026-06-10 14:54:13,SKU-382,4.33,1527.72,4
2025-09-06 14:54:13,SKU-077,23.77,5950.8,24
2026-02-06 14:54:13,SKU-447,50.03,14677.63,47
2026-06-19 14:54:13,SKU-277,37.14,4460.8,41
2026-01-27 14:54:13,SKU-219,47.39,3775.22,46
2026-02-26 14:54:13,SKU-128,31.25,10288.41,33
2026-01-01 14:54:13,SKU-354,36.68,14870.52,36
2025-10-05 14:54:13,SKU-219,17.15,1395.19,17
2025-11-24 14:54:13,SKU-094,20.32,1861.0,20
2025-08-28 14:54:13,SKU-249,16.89,5158.44,18
2026-02-26 14:54:13,SKU-332,9.11,4348.3,10
2026-06-09 14:54:13,SKU-282,28.52,4730.4,30
2025-12-20 14:54:13,SKU-426,40.8,2864.94,39
2025-08-31 14:54:13,SKU-470,4.75,1133.65,5
2025-12-14 14:54:13,SKU-068,42.35,5245.57,43
2026-07-25 14:54:13,SKU-100,8.29,3659.31,9
2026-02-26 14:54:13,SKU-240,32.63,11864.82,33
2025-12-30 14:54:13,SKU-115,28.77,10862.82,29
2025-09-05 14:54:13,SKU-073,52.7,21050.4,49
2025-10-17 14:54:13,SKU-145,43.95,18570.66,46
2026-05-14 14:54:13,SKU-281,12.41,4921.56,12
2025-08-11 14:54:13,SKU-128,44.08,14029.65,45
2026-05-03 14:54:13,SKU-391,14.24,6242.55,15
2026-01-31 14:54:13,SKU-395,42.19,12321.9,45
2026-03-31 14:54:13,SKU-027,18.26,791.01,17
2026-05-06 14:54:13,SKU-243,12.96,1191.84,12
2026-05-13 14:54:13,SKU-084,33.95,12383.26,31
2025-09-12 14:54:13,SKU-203,41.59,19863.48,42
2026-07-26 14:54:13,SKU-449,38.61,534.65,37
2025-09-13 14:54:13,SKU-228,6.9,837.83,7
2026-06-15 14:54:13,SKU-212,11.77,3879.48,12
2026-08-06 14:54:13,SKU-194,46.08,10317.12,48
2026-03-21 14:54:13,SKU-434,4.23,1010.48,4
2026-03-09 14:54:13,SKU-017,36.18,10105.6,40
2025-10-19 14:54:13,SKU-162,34.63,13793.04,36
2025-09-14 14:54:13,SKU-457,37.34,14541.12,34
2026-05-31 14:54:13,SKU-402,38.74,10538.87,43
2025-09-25 14:54:13,SKU-215,16.96,3639.6,18
2025-11-06 14:54:13,SKU-296,13.58,4538.24,14
2026-02-08 14:54:13,SKU-494,20.21,7652.48,22
2025-11-08 14:54:13,SKU-074,16.12,768.45,15
2025-12-17 14:54:13,SKU-234,14.47,3440.64,14
2026-07-30 14:54:13,SKU-028,36.83,3757.95,35
2026-07-19 14:54:13,SKU-318,44.68,755.32,46
2025-10-28 14:54:13,SKU-125,0.9,242.35,1
2025-10-06 14:54:13,SKU-163,14.14,893.25,15
2025-09-21 14:54:13,SKU-463,36.1,8315.54,38
2026-02-19 14:54:13,SKU-250,23.04,3857.7,22
2026-01-22 14:54:13,SKU-230,26.34,665.08,26
2026-04-30 14:54:13,SKU-058,7.34,1998.64,8
2026-01-08 14:54:13,SKU-243,23.75,2582.32,26
2025-08-19 14:54:13,SKU-219,46.68,3775.22,46
2026-04-30 14:54:13,SKU-013,11.53,460.68,11
2026-02-04 14:54:13,SKU-231,3.07,707.34,3
2026-02-10 14:54:13,SKU-165,45.0,3682.8,45
2026-06-12 14:54:13,SKU-300,45.33,3661.02,43
2026-03-28 14:54:13,SKU-463,6.48,1312.98,6
2025-09-30 14:54:13,SKU-244,2.17,227.22,2
2026-07-21 14:54:13,SKU-246,35.36,8721.0,36
2025-09-17 14:54:13,SKU-284,30.38,12716.76,28
2026-05-29 14:54:13,SKU-041,40.7,4270.5,39
2025-11-05 14:54:13,SKU-246,2.19,484.5,2
2026-07-11 14:54:13,SKU-200,45.76,751.5,45
2026-05-15 14:54:13,SKU-348,36.73,14808.7,34
2025-11-08 14:54:13,SKU-399,10.7,2691.8,10
2025-11-06 14:54:13,SKU-059,11.44,2102.43,11
2025-11-22 14:54:13,SKU-277,35.93,4134.4,38
2026-06-07 14:54:13,SKU-037,13.19,3725.96,14
2025-11-02 14:54:13,SKU-341,33.01,9757.77,33
2026-07-19 14:54:13,SKU-087,25.76,591.57,27
2026-04-22 14:54:13,SKU-096,22.63,6365.26,22
2025-11-10 14:54:13,SKU-499,28.13,13111.0,28
2026-04-14 14:54:13,SKU-448,1.95,639.18,2
2026-04-27 14:54:13,SKU-124,42.31,2301.74,41
2026-05-27 14:54:13,SKU-111,22.68,9719.57,23
2025-09-02 14:54:13,SKU-288,44.93,24444.63,49
2026-06-09 14:54:13,SKU-239,37.2,1500.35,37
2026-01-22 14:54:13,SKU-029,24.68,8196.28,23
2025-09-23 14:54:13,SKU-383,4.89,2263.25,5
2026-07-10 14:54:13,SKU-139,46.11,2757.72,49
2026-01-30 14:54:13,SKU-419,52.51,22765.4,49
2026-07-04 14:54:13,SKU-106,30.79,2751.04,32
2026-07-03 14:54:13,SKU-125,36.21,9451.65,39
2026-02-14 14:54:13,SKU-037,16.59,4524.38,17
2026-04-28 14:54:13,SKU-023,1.92,961.94,2
2025-09-06 14:54:13,SKU-018,23.9,3283.2,24
2026-01-03 14:54:13,SKU-496,51.81,22860.48,48
2026-03-04 14:54:13,SKU-289,41.31,15682.48,44
2026-04-19 14:54:13,SKU-160,4.09,905.4,4
2026-06-30 14:54:13,SKU-451,47.52,10424.6,47
2026-03-26 14:54:13,SKU-443,6.18,438.9,6
2025-08-14 14:54:13,SKU-461,37.49,12757.97,37
2025-09-21 14:54:13,SKU-300,28.02,2469.06,29
2026-03-10 14:54:13,SKU-243,34.15,3178.24,32
2026-01-30 14:54:13,SKU-336,20.62,2660.91,21
2025-09-09 14:54:13,SKU-406,24.11,8294.26,23
2026-06-21 14:54:13,SKU-221,32.66,14706.6,30
2026-04-20 14:54:13,SKU-242,1.03,204.61,1
2026-04-26 14:54:13,SKU-465,39.69,6560.4,42
2026-05-08 14:54:13,SKU-412,43.49,23745.6,48
2025-08-14 14:54:13,SKU-220,27.4,11603.1,30
2026-05-29 14:54:13,SKU-290,34.05,925.05,35
2025-10-15 14:54:13,SKU-080,7.74,1516.56,8
2026-07-12 14:54:13,SKU-347,1.0,487.53,1
2026-02-28 14:54:13,SKU-007,11.85,1908.96,12
2025-10-28 14:54:13,SKU-268,46.06,5007.1,46
2025-12-03 14:54:13,SKU-160,25.81,5885.1,26
2025-11-08 14:54:13,SKU-126,5.03,1254.45,5
2025-12-02 14:54:13,SKU-102,48.69,11985.76,46
2026-03-03 14:54:13,SKU-183,45.57,13652.5,43
2025-09-04 14:54:13,SKU-498,40.39,1489.74,42
2025-11-26 14:54:13,SKU-141,37.21,12383.64,36
2026-06-09 14:54:13,SKU-339,15.7,261.92,16
2026-05-05 14:54:13,SKU-402,52.09,11764.32,48
2025-10-24 14:54:13,SKU-500,21.06,8862.7,22
2025-12-29 14:54:13,SKU-034,43.53,13788.04,46
2026-05-29 14:54:13,SKU-231,28.0,6601.84,28
2026-08-05 14:54:13,SKU-333,26.35,3206.79,27
2026-07-14 14:54:13,SKU-258,24.84,6512.22,26
2026-06-23 14:54:13,SKU-031,34.54,7054.7,38
2026-07-15 14:54:13,SKU-228,14.91,1675.66,14
2026-03-07 14:54:13,SKU-413,39.94,4570.24,37
2026-07-03 14:54:13,SKU-068,10.92,1341.89,11
2026-08-05 14:54:13,SKU-467,3.08,1427.76,3
2026-04-09 14:54:13,SKU-221,40.27,18138.14,37
2025-08-29 14:54:13,SKU-393,11.46,5323.8,12
2025-10-07 14:54:13,SKU-368,24.42,5109.0,25
2025-09-29 14:54:13,SKU-048,17.74,6984.11,17
2025-11-21 14:54:13,SKU-161,12.63,4982.04,14
2025-12-04 14:54:13,SKU-183,45.68,13335.0,42
2026-05-04 14:54:13,SKU-445,39.04,10171.08,36
2026-06-10 14:54:13,SKU-318,31.19,492.6,30
2026-07-19 14:54:13,SKU-447,45.89,13428.47,43
2025-10-08 14:54:13,SKU-240,13.66,5393.1,15
2026-06-02 14:54:13,SKU-237,28.34,15291.37,31
2026-07-13 14:54:13,SKU-011,30.51,8645.01,33
2025-09-30 14:54:13,SKU-231,4.26,943.12,4
2026-06-03 14:54:13,SKU-280,51.86,21551.67,49
2026-05-29 14:54:13,SKU-174,10.4,3746.6,10
2025-12-28 14:54:13,SKU-135,20.61,6101.7,22
2025-10-09 14:54:13,SKU-176,13.56,1950.0,13
2025-11-25 14:54:13,SKU-008,41.04,915.9,43
2026-05-27 14:54:13,SKU-342,21.68,8948.2,20
2026-03-17 14:54:13,SKU-022,30.73,10300.98,34
2025-11-20 14:54:13,SKU-389,17.6,8035.73,17
2026-05-16 14:54:13,SKU-261,19.88,1931.35,19
2025-12-29 14:54:13,SKU-287,22.28,5560.72,22
2025-09-10 14:54:13,SKU-394,41.5,15701.02,43
2026-05-28 14:54:13,SKU-478,49.36,21469.6,47
2026-02-22 14:54:13,SKU-373,49.79,2924.81,47
2026-05-23 14:54:13,SKU-412,29.45,13356.9,27
2025-09-14 14:54:13,SKU-423,39.4,10651.68,39
2026-05-22 14:54:13,SKU-211,6.37,1794.48,6
2026-05-21 14:54:13,SKU-227,5.37,2434.1,5
2026-06-16 14:54:13,SKU-368,15.85,3269.76,16
2025-09-22 14:54:13,SKU-205,27.46,11937.25,25
